,Rank,Name,Current Players,24h Peak,All Time Peak
0,1,Counter-Strike 2,"977,811","1,194,411","1,862,531"
1,2,Dota 2,"788,169","842,443","1,295,114"
2,3,PUBG: BATTLEGROUNDS,"408,944","753,580","3,257,248"
3,4,WARDOGS,"301,539","428,666","428,666"
4,5,Valheim,"200,985","308,477","502,387"
5,6,FiveM,"171,933","213,586","221,685"
6,7,Bongo Cat,"151,543","159,298","194,508"
7,8,Apex Legends,"126,995","243,719","624,473"
8,9,Rust,"112,057","124,351","262,284"
9,10,TBH: Task Bar Hero,"90,392","101,298","546,130"
10,11,Palworld,"83,612","118,470","2,101,867"
11,12,Overwatch®,"78,081","109,223","165,651"
12,13,Path of Exile 2,"77,145","95,524","578,569"
13,14,Delta Force,"76,829","130,604","247,028"
14,15,Wallpaper Engine,"73,920","102,548","150,375"
15,16,Grand Theft Auto V Legacy,"69,894","79,103","364,548"
16,17,Marvel Rivals,"68,712","119,298","644,269"
17,18,War Thunder,"66,473","78,905","125,430"
18,19,Team Fortress 2,"65,338","70,369","253,997"
19,20,The Binding of Isaac: Rebirth,"63,726","79,171","156,156"
20,21,Tom Clancy's Rainbow Six Siege,"63,216","113,556","201,933"
21,22,Grand Theft Auto V Enhanced,"62,839","78,968","187,059"
22,23,Slay the Spire 2,"62,079","91,787","574,638"
23,24,Project Zomboid,"60,984","85,750","124,995"
24,25,Warframe,"59,940","69,020","189,837"
25,26,Dead by Daylight,"58,191","75,168","170,073"
26,27,EA SPORTS FC™ 26,"55,120","73,641","160,728"
27,28,Deadlock,"54,348","82,967","171,490"
28,29,Spacewar,"51,862","66,145","138,416"
29,30,Stardew Valley,"50,595","76,654","236,614"
30,31,VRChat,"48,526","55,560","79,593"
31,32,DayZ,"44,740","59,253","78,937"
32,33,Geometry Dash,"43,714","62,431","109,993"
33,34,Baldur's Gate 3,"42,441","70,840","875,343"
34,35,Hearts of Iron IV,"42,279","52,304","93,196"
35,36,HELLDIVERS™ 2,"40,864","58,437","458,709"
36,37,Football Manager 26,"40,541","50,077","84,909"
37,38,Farming Simulator 25,"39,318","59,584","135,970"
38,39,Terraria,"39,032","53,971","489,886"
39,40,No Man's Sky,"38,611","55,726","212,613"
40,41,Red Dead Redemption 2,"36,454","49,114","99,993"
41,42,Euro Truck Simulator 2,"36,261","46,867","73,887"
42,43,Crosshair X,"35,326","44,860","89,033"
43,44,ELDEN RING,"34,982","46,537","953,426"
44,45,PAYDAY 2,"34,815","35,517","247,709"
45,46,Cyberpunk 2077,"33,684","45,698","1,054,388"
46,47,Sid Meier's Civilization VI,"32,478","41,843","162,657"
47,48,How to Fish,"32,271","50,649","373,971"
48,49,Battlefield™ 6,"32,207","54,411","747,440"
49,50,Onimusha: Way of the Sword,"31,180","43,025","85,081"
50,51,Mount & Blade II: Bannerlord,"30,621","36,870","248,216"
51,52,[WoG] War of Genesis: Idle Loot,"30,168","30,843","30,843"
52,53,Total War: WARHAMMER III,"29,764","39,485","166,754"
53,54,The Blood of Dawnwalker,"29,651","50,038","78,188"
54,55,Monster Hunter Wilds,"28,949","42,617","1,384,608"
55,56,Arena Breakout: Infinite,"28,742","35,219","66,007"
56,57,Call of Duty®,"28,030","45,348","491,670"
57,58,RimWorld,"27,887","34,286","96,040"
58,59,7 Days to Die,"27,084","37,034","125,419"
59,60,Garry's Mod,"27,039","37,557","73,863"
60,61,OBS Studio,"26,413","30,926","34,458"
61,62,Once Human,"26,346","33,288","231,668"
62,63,Don't Starve Together,"26,316","48,259","122,662"
63,64,The Elder Scrolls V: Skyrim Special Edition,"26,074","38,961","69,906"
64,65,Crimson Desert Enhanced,"25,618","36,536","276,261"
65,66,ARK: Survival Ascended,"25,585","32,878","98,047"
66,67,The Sims™ 4,"25,543","35,169","96,328"
67,68,Escape from Tarkov,"25,387","33,376","47,800"
68,69,Limbus Company,"24,479","36,053","157,444"
69,70,The Isle,"23,755","26,894","27,965"
70,71,Hunt: Showdown 1896,"23,676","32,225","60,124"
71,72,NARAKA: BLADEPOINT,"23,554","59,349","385,770"
72,73,tModLoader,"23,230","33,619","79,101"
73,74,BeamNG.drive,"22,617","30,437","47,424"
74,75,ARC Raiders,"22,197","35,635","481,966"
75,76,FINAL FANTASY XIV Online,"21,780","32,607","95,150"
76,77,Black Desert,"21,585","24,657","60,395"
77,78,Crusader Kings III,"21,075","26,804","98,872"
78,79,eFootball™,"21,021","24,313","35,621"
79,80,R.E.P.O.,"20,646","31,370","271,571"
80,81,PEAK,"20,108","32,839","170,759"
81,82,Russian Fishing 4,"19,737","23,034","28,073"
82,83,Left 4 Dead 2,"19,376","33,918","162,399"
83,84,Street Fighter™ 6,"18,929","34,855","72,977"
84,85,Rocket League,"18,816","29,160","147,632"
85,86,Age of Empires II: Definitive Edition,"18,803","25,124","38,725"
86,87,NBA 2K27,"18,385","23,455","31,232"
87,88,Borderlands® 4,"18,360","29,415","304,398"
88,89,S.T.A.L.K.E.R. 2: Heart of Chornobyl,"17,919","25,381","121,335"
89,90,Factorio,"17,749","25,246","118,674"
90,91,Forza Horizon 6,"17,554","22,791","302,645"
91,92,The Witcher 3: Wild Hunt - Complete Edition,"17,205","23,656","103,329"
92,93,"Warhammer 40,000: Space Marine 2","17,173","22,586","225,690"
93,94,Football Manager 2024,"17,096","21,034","89,478"
94,95,STALZONE,"16,914","20,162","40,311"
95,96,Yu-Gi-Oh! Master Duel,"16,589","25,186","262,689"
96,97,Monster Hunter: World,"16,222","29,278","334,684"
97,98,ARK: Survival Evolved,"16,155","20,463","248,405"
98,99,Where Winds Meet,"15,639","21,247","251,008"
99,100,Soundpad,"15,631","18,423","40,096"
100,101,Satisfactory,"15,288","23,004","186,158"
101,102,ELDEN RING NIGHTREIGN,"15,043","29,471","313,593"
102,103,Sid Meier's Civilization V,"14,966","19,257","91,363"
103,104,Diablo® IV,"14,719","18,856","64,518"
104,105,Legends of Idleon MMO,"14,610","15,357","21,533"
105,106,Unturned,"14,602","16,906","112,703"
106,107,Wuthering Waves,"14,523","15,740","49,497"
107,108,Blender,"14,310","15,179","16,774"
108,109,Black Myth: Wukong,"14,235","26,978","2,415,714"
109,110,Kingdom Come: Deliverance II,"14,012","18,672","256,206"
110,111,Destiny 2,"13,362","21,291","316,750"
111,112,VTube Studio,"12,894","18,628","23,651"
112,113,RV There Yet?,"12,851","23,625","100,002"
113,114,MIR4,"12,713","13,063","97,173"
114,115,Gamble With Your Friends,"12,621","21,108","42,848"
115,116,F1® 25,"12,590","17,579","22,595"
116,117,Bodycam,"12,193","20,204","38,958"
117,118,Atomic Heart,"12,112","14,782","38,469"
118,119,Assetto Corsa,"11,894","16,654","20,299"
119,120,Fallout 4,"11,802","16,966","472,962"
120,121,Halloween: The Game,"11,413","23,035","33,639"
121,122,Counter-Strike,"11,304","13,204","319,586"
122,123,Graveyard Keeper 2 Demo,"11,258","11,258","11,258"
123,124,Arma Reforger,"10,994","17,855","24,907"
124,125,Ready or Not,"10,921","15,696","55,174"
125,126,THE FINALS,"10,902","17,698","242,619"
126,127,World of Warships,"10,889","15,462","411,338"
127,128,Stellaris,"10,833","14,298","68,602"
128,129,Sons Of The Forest,"10,766","15,842","414,257"
129,130,Europa Universalis IV,"10,681","13,637","48,165"
130,131,Source SDK Base 2007,"10,611","10,706","251,292"
131,132,YoloMouse,"10,545","12,776","13,793"
132,133,STAR WARS Zero Company™,"10,451","20,115","77,889"
133,134,Eternal Return,"10,448","20,399","52,853"
134,135,SCUM,"10,397","12,454","68,322"
135,136,Squad,"10,161","13,147","38,573"
136,137,Cities: Skylines II,"10,134","13,693","104,697"
137,138,Path of Exile,"10,128","12,730","229,337"
138,139,Revolution Idle,"10,089","10,472","20,515"
139,140,Brawlhalla,"10,070","16,021","34,816"
140,141,Resident Evil 4,"10,028","13,877","168,191"
141,142,Zenless Zone Zero,"10,003","12,112","27,836"
142,143,Albion Online,"10,000","11,818","27,227"
143,144,Artifact Classic,"9,999","11,972","60,646"
144,145,Heartopia,"9,935","11,585","66,118"
145,146,Sid Meier's Civilization VII,"9,911","14,515","84,558"
146,147,Phasmophobia,"9,850","17,013","112,717"
147,148,Age of Empires IV: Anniversary Edition,"9,849","12,755","73,928"
148,149,Magic: The Gathering Arena,"9,794","12,499","18,047"
149,150,NBA 2K26,"9,763","16,958","52,863"
150,151,World of Tanks,"9,709","11,283","24,172"
151,152,Bloons TD 6,"9,678","13,131","53,943"
152,153,Cookie Clicker,"9,364","9,929","67,867"
153,154,Brotato,"9,325","13,731","38,905"
154,155,Summoners War,"8,955","9,295","22,281"
155,156,Icarus,"8,878","14,619","52,501"
156,157,Fields of Mistria,"8,758","16,511","39,233"
157,158,Schedule I,"8,585","15,081","459,075"
158,159,Off The Grid,"8,523","12,642","15,247"
159,160,Enshrouded,"8,519","14,060","160,405"
160,161,Arma 3,"8,438","14,194","56,679"
161,162,The Elder Scrolls Online,"8,391","11,826","49,234"
162,163,RedM,"8,156","11,513","11,875"
163,164,Hollow Knight: Silksong,"8,151","11,035","587,150"
164,165,Hogwarts Legacy,"8,106","12,114","879,308"
165,166,Europa Universalis V,"7,893","10,434","77,320"
166,167,Balatro,"7,881","9,279","43,905"
167,168,Cities: Skylines,"7,878","10,295","60,386"
168,169,MONSTER HUNTER RISE,"7,761","14,198","231,360"
169,170,SpiritVale,"7,729","8,453","20,253"
170,171,World of Tanks Blitz,"7,651","9,307","56,669"
171,172,Raft,"7,483","10,337","101,096"
172,173,Farming Simulator 22,"7,458","10,646","105,636"
173,174,Grim Dawn,"7,455","9,819","61,458"
174,175,Slay the Spire,"7,397","11,302","57,025"
175,176,Oxygen Not Included,"7,283","9,555","27,486"
176,177,Hollow Knight,"7,272","9,816","95,655"
177,178,Sephiria,"7,261","12,158","34,795"
178,179,Umamusume: Pretty Derby,"7,258","8,130","87,453"
179,180,Conan Exiles Enhanced,"7,255","10,408","53,402"
180,181,Manor Lords,"7,171","10,520","173,178"
181,182,Persona 5 Royal,"7,133","10,827","35,474"
182,183,Timberborn,"7,071","10,193","25,234"
183,184,Wanderburg,"7,069","10,079","10,568"
184,185,Fallout 76,"6,988","8,643","73,368"
185,186,The Planet Crafter,"6,880","10,272","28,416"
186,187,Palia,"6,715","9,775","24,104"
187,188,Victoria 3,"6,667","8,572","70,100"
188,189,SnowRunner,"6,512","8,724","12,027"
189,190,Supermarket Together,"6,509","8,848","47,836"
190,191,Hero Siege,"6,476","7,869","19,504"
191,192,Forza Horizon 5,"6,470","9,785","81,096"
192,193,Among Us,"6,456","13,913","447,476"
193,194,Crosshair V2,"6,427","8,325","22,805"
194,195,Transport Fever 2,"6,380","8,037","24,308"
195,196,Microsoft Flight Simulator 2024,"6,377","8,576","24,863"
196,197,Aseprite,"6,322","6,366","7,357"
197,198,MapleStory,"6,300","8,545","17,750"
198,199,雀魂麻将(MahjongSoul),"6,280","12,303","39,075"
199,200,The First Descendant,"6,275","7,758","264,860"
200,201,Cell to Singularity - Evolution Never Ends,"6,162","6,366","7,634"
201,202,Blue Archive,"6,090","7,089","27,077"
202,203,Alien Swarm Dedicated Server,"6,073","9,386","10,723"
203,204,American Truck Simulator,"6,067","10,176","19,153"
204,205,Left 4 Dead Dedicated Server,"6,039","9,284","12,199"
205,206,TEKKEN 8,"5,935","6,602","49,977"
206,207,Counter-Strike:Global Offensive,"5,891","6,744","68,231"
207,208,Call of Duty®: Modern Warfare® III,"5,771","9,732","14,766"
208,209,Shadowverse: Worlds Beyond,"5,666","9,839","120,488"
209,210,Darkest Dungeon®,"5,647","6,847","20,064"
210,211,Sand,"5,626","5,795","41,679"
211,212,BidKing,"5,603","7,642","57,450"
212,213,DAVE THE DIVER,"5,535","8,882","98,480"
213,214,Scrap Mechanic,"5,531","8,039","46,643"
214,215,ROMANCE OF THE THREE KINGDOMS XIV,"5,521","9,090","16,482"
215,216,theHunter: Call of the Wild™,"5,506","7,021","25,235"
216,217,Age of Empires III: Definitive Edition,"5,464","7,366","20,146"
217,218,Call of Duty: Black Ops III,"5,454","12,131","63,681"
218,219,"Warhammer 40,000: Darktide","5,438","7,844","108,395"
219,220,Green Hell,"5,428","9,197","20,259"
220,221,Clair Obscur: Expedition 33,"5,409","8,084","145,063"
221,222,Lossless Scaling,"5,403","6,659","20,903"
222,223,Zombie Panic! Source Dedicated Server,"5,395","5,395","13,643"
223,224,Yargis - Space Melee - Dedicated Server,"5,382","5,382","13,271"
224,225,HITMAN World of Assassination,"5,297","5,603","10,925"
225,226,RACE On - Demo: Dedicated Server,"5,285","5,285","11,217"
226,227,MECCHA CHAMELEON,"5,220","9,864","340,534"
227,228,Total War: ROME II - Emperor Edition,"5,203","6,922","118,240"
228,229,Lost Ark,"5,159","6,238","1,325,305"
229,230,DSX,"5,156","6,545","10,025"
230,231,SCP: Secret Laboratory,"5,149","6,183","13,908"
231,232,Deep Rock Galactic,"5,131","7,226","54,160"
232,233,Heroes of Might and Magic: Olden Era,"5,118","7,206","60,885"
233,234,Ragnarok: The New World,"5,111","6,571","8,984"
234,235,Assassin's Creed Odyssey,"5,084","6,848","62,069"
235,236,Goose Goose Duck,"5,011","6,697","702,845"
236,237,OVR Advanced Settings,"4,963","5,487","6,842"
237,238,Aliens vs Predator Dedicated Server,"4,962","7,923","24,768"
238,239,Kenshi,"4,957","5,885","11,654"
239,240,Tabletop Simulator,"4,956","10,885","37,198"
240,241,Persona 3 Reload,"4,927","6,925","45,002"
241,242,Aimlabs,"4,908","6,618","15,141"
242,243,Source SDK Base 2013 Multiplayer,"4,907","9,958","184,888"
243,244,Fishing Planet,"4,884","5,676","9,926"
244,245,Mortal Shell II,"4,859","7,609","44,486"
245,246,STCC - The Game Demo Dedicated Server,"4,840","7,433","12,397"
246,247,Vampire Survivors,"4,829","6,319","77,061"
247,248,EVE Online,"4,822","5,731","10,627"
248,249,Guild Wars 2®,"4,815","6,618","10,875"
249,250,Throne and Liberty,"4,787","7,379","336,300"
250,251,Killing Floor 2,"4,783","5,389","69,987"
251,252,Firelight Fantasy: Vengeance,"4,761","5,952","9,641"
252,253,The Forest,"4,756","7,308","109,397"
253,254,Risk of Rain 2,"4,717","7,622","75,406"
254,255,Sniper Elite 5,"4,704","5,733","14,870"
255,256,Dragon's Dogma 2,"4,689","6,733","228,585"
256,257,Big Ambitions,"4,678","6,662","12,232"
257,258,Divinity: Original Sin 2,"4,636","6,741","93,701"
258,259,BLOODSTRIKE,"4,633","6,209","7,765"
259,260,Grounded 2,"4,631","8,471","49,836"
260,261,Battlefield™ 1,"4,620","8,239","53,714"
261,262,SMITE 2,"4,603","8,991","21,481"
262,263,Dark and Darker,"4,585","5,885","57,164"
263,264,Escape the Backrooms,"4,581","10,153","48,879"
264,265,Mistfall Hunter,"4,554","5,370","44,472"
265,266,Elite Dangerous,"4,550","6,557","28,923"
266,267,EA SPORTS FC 25,"4,548","5,089","110,026"
267,268,The Bazaar,"4,508","6,124","17,136"
268,269,VPet,"4,501","8,684","85,551"
269,270,BOMBANANA!,"4,498","8,310","22,936"
270,271,Sekiro™: Shadows Die Twice,"4,496","8,031","125,315"
271,272,Tom Clancy's The Division 2,"4,494","5,901","27,482"
272,273,Probably Stolen Demo,"4,473","4,473","4,473"
273,274,Big Walk,"4,462","11,238","46,409"
274,275,Call to Arms - Gates of Hell: Ostfront,"4,459","5,327","8,950"
275,276,Grand Theft Auto IV: The Complete Edition,"4,457","7,061","11,696"
276,277,Dune: Awakening,"4,453","6,510","189,333"
277,278,Astral Party,"4,437","9,176","34,387"
278,279,FOR HONOR,"4,397","6,979","225,831"
279,280,Dino D-Day - Dedicated Server,"4,376","6,187","14,248"
280,281,It Takes Two,"4,332","10,788","71,039"
281,282,Resident Evil Requiem,"4,305","5,992","344,214"
282,283,XCOM 2,"4,297","5,557","133,022"
283,284,Monday Night Combat Dedicated Server,"4,271","6,059","13,061"
284,285,Core Keeper,"4,265","5,715","46,465"
285,286,NTE: Neverness to Everness,"4,204","4,504","12,445"
286,287,Unnamed Space Idle,"4,198","4,312","6,385"
287,288,"Warhammer 40,000: Rogue Trader","4,127","6,151","45,405"
288,289,Kingdom Come: Deliverance,"4,126","5,675","96,069"
289,290,ウマ娘 プリティーダービー,"4,125","7,495","17,644"
290,291,Total War: MEDIEVAL II - Definitive Edition,"4,106","5,420","8,453"
291,292,Tom Clancy's Ghost Recon® Wildlands,"4,101","6,691","45,704"
292,293,SpeedRunners 2: King of Speed,"4,064","4,123","4,176"
293,294,Diablo II: Resurrected – Infernal Edition,"4,044","4,892","15,348"
294,295,Enlisted,"4,043","5,174","7,518"
295,296,PC FISH,"4,030","5,014","5,855"
296,297,Mewgenics,"4,022","5,315","115,428"
297,298,inZOI,"4,015","5,559","87,377"
298,299,The Outlast Trials,"4,013","6,002","36,689"
299,300,Call of Duty®: Modern Warfare® II,"4,010","5,343","42,105"
300,301,People Playground,"4,009","5,737","17,015"
301,302,Melvor Idle,"3,993","4,518","11,867"
302,303,GrandChase,"3,985","5,014","79,883"
303,304,Welcome to Elderfield,"3,968","6,317","6,317"
304,305,Play Together,"3,952","5,117","7,633"
305,306,DARK SOULS™ III,"3,948","5,141","129,975"
306,307,Shop Titans,"3,945","4,080","7,990"
307,308,Sky: Children of the Light,"3,934","5,061","8,967"
308,309,Total War: THREE KINGDOMS,"3,919","5,523","192,298"
309,310,Company of Heroes 3,"3,893","5,297","36,646"
310,311,STAR WARS™: The Old Republic™,"3,856","6,016","34,210"
311,312,Hades II,"3,848","5,115","112,947"
312,313,Alchemy Factory,"3,844","5,172","7,015"
313,314,KovaaK's,"3,800","4,154","4,232"
314,315,Tap Ninja,"3,788","3,854","5,198"
315,316,RuneScape: Dragonwilds,"3,781","6,829","52,641"
316,317,Starfield,"3,768","5,852","330,723"
317,318,Desktop Mate,"3,759","4,862","23,420"
318,319,Le Mans Ultimate,"3,754","5,831","8,809"
319,320,Marvel’s Spider-Man Remastered,"3,740","5,768","66,436"
320,321,My Party Is Grinding,"3,719","3,992","6,657"
321,322,DELTARUNE,"3,708","6,654","291,816"
322,323,X4: Foundations,"3,664","4,846","15,198"
323,324,V Rising,"3,612","5,115","150,645"
324,325,Broken Arrow,"3,608","5,120","38,753"
325,326,Wandering Sword,"3,602","6,399","22,824"
326,327,Assassin's Creed Black Flag Resynced,"3,598","5,465","104,756"
327,328,Survival Log,"3,590","5,326","13,113"
328,329,skate.,"3,588","5,654","134,901"
329,330,鬼谷八荒 Tale of Immortal,"3,573","5,514","184,171"
330,331,Planet Zoo,"3,557","5,004","38,630"
331,332,Disney Dreamlight Valley,"3,556","5,469","14,314"
332,333,Sea of Thieves,"3,552","6,132","66,906"
333,334,Banana,"3,549","4,895","917,272"
334,335,Marvel's Spider-Man 2,"3,543","5,439","28,189"
335,336,Dying Light,"3,529","4,753","45,876"
336,337,Mount & Blade: Warband,"3,521","4,556","33,054"
337,338,Wartales,"3,486","4,463","35,879"
338,339,Windrose,"3,469","6,027","222,134"
339,340,Dying Light 2: Reloaded Edition,"3,448","4,428","274,983"
340,341,Barotrauma,"3,445","4,583","19,655"
341,342,DEATH STRANDING DIRECTOR'S CUT,"3,429","4,307","22,080"
342,343,Party Animals,"3,411","6,371","104,174"
343,344,ShareX,"3,384","3,458","4,029"
344,345,House Flipper,"3,381","4,211","90,666"
345,346,NGU IDLE,"3,375","3,407","8,032"
346,347,Orc Incremental,"3,359","4,384","4,774"
347,348,Workers & Resources: Soviet Republic,"3,307","4,384","8,264"
348,349,KINGDOM HEARTS -HD 1.5+2.5 ReMIX-,"3,299","6,234","12,311"
349,350,Resident Evil 2,"3,272","4,493","74,227"
350,351,Megabonk,"3,269","4,585","117,336"
351,352,Space Station 14 Playtest,"3,268","4,000","4,721"
352,353,The Last Caretaker,"3,262","5,193","10,767"
353,354,Counter-Strike: Source,"3,236","4,084","100,056"
354,355,Split Fiction,"3,194","7,063","259,003"
355,356,Captain of Industry,"3,176","4,341","11,121"
356,357,The Legend of Fancy Realm Remake,"3,163","5,011","5,749"
357,358,REMATCH,"3,095","5,615","92,841"
358,359,Ghost of Tsushima DIRECTOR'S CUT,"3,084","4,489","77,154"
359,360,Ghost Recon Breakpoint,"3,075","4,353","20,923"
360,361,Assetto Corsa Competizione,"3,070","4,123","12,376"
361,362,Stumble Guys,"3,064","4,329","43,705"
362,363,Microsoft Flight Simulator (2020),"3,049","4,247","61,829"
363,364,The Seven Deadly Sins: Origin,"3,049","3,163","65,753"
364,365,The Crust,"3,046","4,113","5,170"
365,366,Space Engineers,"3,032","4,660","23,888"
366,367,Granblue Fantasy: Relink,"3,024","4,377","114,054"
367,368,Teardown,"3,019","4,405","15,172"
368,369,With Your Coworker,"3,009","3,363","5,053"
369,370,House Flipper 2,"3,000","4,445","21,945"
370,371,Dyson Sphere Program,"2,996","4,176","59,815"
371,372,Dead Cells,"2,968","5,024","14,910"
372,373,Porthole - Local Port Sharing,"2,963","3,859","3,952"
373,374,Grounded,"2,942","4,582","32,012"
374,375,TCG Card Shop Simulator,"2,930","4,045","53,453"
375,376,FINAL FANTASY VII REBIRTH,"2,923","4,456","40,564"
376,377,Hades,"2,922","3,784","54,240"
377,378,Waterpark Simulator,"2,916","5,104","13,126"
378,379,Supermarket Simulator,"2,913","3,862","51,363"
379,380,Fallout: New Vegas,"2,906","5,306","51,038"
380,381,Medieval Dynasty,"2,882","4,523","31,057"
381,382,Bomb Farm,"2,876","2,940","3,469"
382,383,Guildrun Demo,"2,873","3,359","14,283"
383,384,Gothic 1 Remake,"2,863","4,409","77,731"
384,385,The Long Dark,"2,823","3,673","15,037"
385,386,Subnautica,"2,820","4,128","51,446"
386,387,Kerbal Space Program,"2,797","4,386","23,482"
387,388,Palworld Dedicated Server,"2,777","2,920","35,380"
388,389,MY HERO ULTRA RUMBLE,"2,771","3,803","46,591"
389,390,Abiotic Factor,"2,749","4,781","29,278"
390,391,Mini Cozy Room: Lo-Fi,"2,731","3,899","9,093"
391,392,Graveyard Keeper,"2,730","3,798","46,305"
392,393,HudSight - crosshair overlay,"2,729","3,349","4,928"
393,394,Undertale,"2,728","4,035","11,071"
394,395,Soulmask,"2,727","3,485","46,833"
395,396,Being a DIK,"2,721","3,525","5,709"
396,397,Battlefield™ V,"2,695","6,145","116,104"
397,398,Assassin's Creed Valhalla,"2,676","3,651","19,181"
398,399,Age of Empires II (2013),"2,671","3,399","27,927"
399,400,007 First Light,"2,659","3,911","71,073"
400,401,Overcooked! 2,"2,656","7,087","17,356"
401,402,Your Chronicle,"2,653","2,905","4,197"
402,403,Kathana,"2,649","2,754","2,896"
403,404,Escape from Duckov,"2,649","4,500","301,322"
404,405,Shift At Midnight,"2,636","5,288","37,590"
405,406,METAL GEAR SOLID V: THE PHANTOM PAIN,"2,625","3,571","91,195"
406,407,XSOverlay,"2,625","2,923","4,126"
407,408,ULTRAKILL,"2,615","4,190","71,785"
408,409,No More Room in Hell 2,"2,600","4,989","16,330"
409,410,Pathfinder: Wrath of the Righteous - Enhanced Edition,"2,591","3,464","46,724"
410,411,DDNet,"2,589","2,888","10,726"
411,412,Borderlands 2,"2,587","4,250","124,678"
412,413,BLEACH Brave Souls - 3D Action,"2,574","2,703","8,166"
413,414,Amarillo's Butt Slapper,"2,566","2,579","113,068"
414,415,Total War: ATTILA,"2,555","3,282","26,346"
415,416,Company of Heroes 2,"2,551","3,153","164,688"
416,417,hololive Dreams,"2,538","3,826","16,791"
417,418,Total War: SHOGUN 2,"2,531","3,155","54,115"
418,419,Idle Champions of the Forgotten Realms,"2,526","2,785","18,578"
419,420,Wallpaper Play,"2,520","2,922","3,525"
420,421,Cult of the Lamb,"2,515","4,043","61,780"
421,422,Total War: EMPIRE - Definitive Edition,"2,506","3,294","27,559"
422,423,Detroit: Become Human,"2,506","3,537","25,615"
423,424,Borderlands 3,"2,502","3,332","93,820"
424,425,MARVEL SNAP,"2,484","3,660","18,967"
425,426,Chained Together,"2,483","6,045","94,480"
426,427,Machine Party,"2,466","5,930","22,629"
427,428,Stronghold Crusader: Definitive Edition,"2,453","3,676","16,109"
428,429,The Farmer Was Replaced,"2,452","3,077","7,436"
429,430,FINAL FANTASY VII REMAKE INTERGRADE,"2,451","3,782","13,803"
430,431,Lost Castle 2,"2,446","4,897","28,835"
431,432,Mass Effect™ Legendary Edition,"2,439","3,994","59,817"
432,433,Conqueror's Blade,"2,437","3,666","19,178"
433,434,Football Manager 2023,"2,431","3,071","83,715"
434,435,Librarian: Tidy Up the Arcane Library!,"2,419","3,729","29,469"
435,436,Godot Engine,"2,418","2,632","2,789"
436,437,God of War Ragnarök,"2,396","3,638","35,615"
437,438,Lethal Company,"2,392","5,187","240,817"
438,439,Hell Let Loose,"2,382","4,911","21,385"
439,440,Ruins of Dawn,"2,372","3,893","5,737"
440,441,Stellar Blade™,"2,368","3,756","192,078"
441,442,MX Bikes,"2,366","3,965","5,369"
442,443,Far Far West,"2,341","4,595","47,256"
443,444,Surviving Mars: Relaunched,"2,339","3,481","4,990"
444,445,Chivalry 2,"2,317","3,340","16,959"
445,446,Plants vs. Zombies: Game of the Year,"2,315","3,442","16,225"
446,447,Megastore: Tidy Up Together,"2,291","3,060","3,362"
447,448,God of War,"2,290","3,415","73,529"
448,449,Bongo Waifu,"2,288","2,438","8,008"
449,450,Subnautica 2,"2,285","3,835","467,582"
450,451,Anno 1800,"2,284","3,282","25,302"
451,452,Halo: The Master Chief Collection,"2,279","5,635","161,024"
452,453,RISK: Global Domination,"2,276","3,035","11,716"
453,454,NBA 2K25,"2,275","3,982","56,948"
454,455,They Are Billions,"2,261","3,039","22,395"
455,456,Whiskerwood,"2,253","3,138","3,796"
456,457,DARK SOULS™: REMASTERED,"2,242","3,276","24,501"
457,458,World of Sea Battle,"2,228","2,558","5,504"
458,459,GeoGuessr Steam Edition,"2,222","3,302","7,363"
459,460,小黑盒加速器,"2,215","4,057","11,085"
460,461,The Last of Us™ Part II Remastered,"2,195","3,194","30,690"
461,462,Resident Evil Village,"2,187","2,860","106,631"
462,463,Bellwright,"2,179","3,307","15,263"
463,464,Farthest Frontier,"2,178","2,965","24,910"
464,465,Shroom and Gloom,"2,178","3,202","3,202"
465,466,Crush Crush,"2,159","2,450","4,572"
466,467,Middle-earth™: Shadow of War™,"2,154","3,060","68,183"
467,468,EA SPORTS™ College Football 27,"2,149","5,850","11,578"
468,469,Need for Speed™ Heat,"2,148","2,950","86,196"
469,470,RuneScape,"2,144","3,005","12,569"
470,471,Age of Mythology: Retold,"2,143","3,507","25,879"
471,472,Firestone – Idle Clicker Online RPG,"2,137","2,197","3,343"
472,473,Fallout Shelter,"2,134","2,378","42,656"
473,474,Spirit City: Lofi Sessions,"2,130","2,160","4,212"
474,475,Yet Another Zombie Survivors,"2,122","2,607","10,173"
475,476,Sniper Elite 4,"2,107","2,739","17,366"
476,477,Soundpad Demo,"2,105","2,596","8,651"
477,478,Sandustry,"2,103","2,843","12,551"
478,479,Warhammer: Vermintide 2,"2,096","3,210","104,323"
479,480,Far Cry 5,"2,091","2,957","92,445"
480,481,Noita,"2,088","2,653","9,256"
481,482,Anime Shop Simulator ✨,"2,088","3,507","3,507"
482,483,Gray Zone Warfare,"2,086","3,252","72,548"
483,484,Pummel Party,"2,083","3,860","20,957"
484,485,Valheim Dedicated Server,"2,081","2,111","5,068"
485,486,KARDS - The WWII Card Game,"2,074","5,103","9,045"
486,487,Sniper Elite: Resistance,"2,066","2,663","7,652"
487,488,Forza Horizon 4,"2,065","3,167","75,689"
488,489,Chill with You Lo-Fi Story,"2,056","4,461","10,509"
489,490,Knight Online,"2,051","2,114","24,594"
490,491,Creator Chronicles,"2,049","2,258","2,258"
491,492,Batman™: Arkham Knight,"2,045","2,945","27,406"
492,493,Battle Brothers,"2,025","2,473","8,060"
493,494,Clicker Heroes,"2,010","2,168","65,882"
494,495,eBaseball™: PRO SPIRIT,"2,008","3,335","4,900"
495,496,Foxhole,"2,003","2,630","17,704"
496,497,shapez 2 - Factory,"1,984","2,472","18,806"
497,498,Cuphead,"1,976","3,002","19,026"
498,499,Mimic Party,"1,975","3,201","3,962"
499,500,Probably Stolen Playtest,"1,973","4,914","8,045"
500,501,Bills Must Be Paid,"1,972","2,580","8,143"
501,502,Soccer Manager 2027,"1,967","2,199","2,259"
502,503,Days Gone,"1,954","2,932","27,450"
503,504,Strinova,"1,947","2,446","38,043"
504,505,Celeste,"1,940","2,650","7,782"
505,506,Trackmania,"1,940","3,392","22,128"
506,507,Lust Goddess,"1,939","2,245","5,885"
507,508,StarSavior,"1,933","2,844","16,599"
508,509,Hell Let Loose: Vietnam,"1,916","4,830","30,614"
509,510,ReStory: Chill Electronics Repairs,"1,915","2,928","19,647"
510,511,Idle Hero TD - Tower Defense RPG,"1,902","1,978","2,161"
511,512,War Robots,"1,886","2,072","3,237"
512,513,DEATH STRANDING 2: ON THE BEACH,"1,853","2,458","57,682"
513,514,MyDockFinder,"1,847","2,579","3,869"
514,515,gogh: Focus with Your Avatar,"1,838","2,731","8,236"
515,516,Mortal Kombat 11,"1,837","2,363","35,147"
516,517,World War Z,"1,834","2,865","8,036"
517,518,Planet Coaster 2,"1,825","2,709","20,048"
518,519,Stay Out,"1,814","2,185","3,354"
519,520,ONE PIECE Bounty Rush,"1,812","2,160","5,455"
520,521,My Singing Monsters,"1,806","2,014","3,979"
521,522,Coral Island,"1,801","2,814","15,418"
522,523,Half Sword Demo,"1,795","2,291","15,366"
523,524,Command & Conquer: Red Alert™ 2 and Yuri’s Revenge™,"1,792","2,094","6,617"
524,525,The Spell Brigade,"1,788","2,530","14,514"
525,526,Frostpunk,"1,779","2,185","29,361"
526,527,DRAGON BALL GEKISHIN SQUADRA,"1,768","2,688","13,908"
527,528,Farming Simulator 19,"1,755","2,152","59,466"
528,529,Shakes and Fidget,"1,752","1,849","9,495"
529,530,Little LUMI Model,"1,752","2,912","4,120"
530,531,Granado Espada,"1,747","1,912","4,505"
531,532,Anno 117: Pax Romana,"1,745","2,708","50,484"
532,533,Northgard: Definitive Edition,"1,741","2,292","20,235"
533,534,Half-Life 2,"1,739","2,289","64,085"
534,535,DragonSword : Awakening,"1,730","2,346","23,030"
535,536,Krita,"1,729","1,868","1,872"
536,537,My Summer Car,"1,724","2,151","7,897"
537,538,Horizon Forbidden West™ Complete Edition,"1,723","2,666","40,462"
538,539,Dungeon Settlers,"1,723","2,307","5,002"
539,540,Soul's Remnant,"1,720","2,221","6,431"
540,541,SAO Utils 2: Progressive,"1,715","2,772","6,966"
541,542,Control Ultimate Edition,"1,702","2,689","9,193"
542,543,Yu-Gi-Oh! Duel Links,"1,699","1,873","21,520"
543,544,地下城竞技场,"1,696","2,428","2,567"
544,545,DARK SOULS™ II: Scholar of the First Sin,"1,695","2,211","12,106"
545,546,Call of Duty®: Modern Warfare®,"1,687","2,302","61,667"
546,547,Trailmakers,"1,680","2,775","8,113"
547,548,Call of Duty®: Black Ops 6,"1,676","2,657","2,705"
548,549,State of Decay 2,"1,670","2,410","22,728"
549,550,Realm of the Mad God Exalt,"1,654","2,336","10,051"
550,551,"Warhammer 40,000: Dawn of War - Definitive Edition","1,650","2,197","18,262"
551,552,Sid Meier's Civilization IV: Beyond the Sword,"1,646","2,232","2,791"
552,553,Resident Evil 7 Biohazard,"1,645","2,116","20,449"
553,554,The Last of Us™ Part I,"1,643","2,493","36,496"
554,555,Assassin's Creed Shadows,"1,643","2,142","64,825"
555,556,Dying Light: The Beast,"1,640","2,384","121,222"
556,557,Myth of Empires: Throne,"1,637","1,870","4,757"
557,558,Portal 2,"1,627","2,694","98,460"
558,559,PRAGMATA,"1,624","2,336","68,687"
559,560,How to Train Your Cock,"1,622","1,810","2,286"
560,561,Stormworks: Build and Rescue,"1,620","2,672","6,820"
561,562,Rain World,"1,618","2,237","10,884"
562,563,Nioh 3,"1,618","2,701","88,045"
563,564,Path of Idle: Old Gods Rising,"1,618","1,910","10,366"
564,565,Crossout,"1,612","1,879","12,170"
565,566,Danganronpa: Trigger Happy Havoc,"1,609","2,086","10,958"
566,567,CODE VEIN II,"1,608","2,384","11,499"
567,568,Moonlighter 2: The Endless Vault,"1,607","2,450","3,928"
568,569,Reverse: 1999,"1,606","1,896","9,091"
569,570,Rise of the Tomb Raider,"1,604","2,388","44,588"
570,571,Command & Conquer™ Generals Zero Hour,"1,597","2,099","2,478"
571,572,ASTRONEER,"1,596","2,377","17,986"
572,573,Mortal Kombat 1,"1,596","2,369","38,129"
573,574,Wizardry Variants Daphne,"1,595","2,603","5,222"
574,575,Metaphor: ReFantazio,"1,589","2,317","85,961"
575,576,Lies of P,"1,588","2,272","30,095"
576,577,Heroes of Might & Magic III - HD Edition,"1,585","2,063","4,656"
577,578,Tyr,"1,584","2,706","4,585"
578,579,Sid Meier's Civilization III: Complete,"1,579","2,070","4,600"
579,580,The Elder Scrolls V: Skyrim,"1,579","2,234","287,411"
580,581,Age of Wonders 4,"1,579","2,357","42,877"
581,582,Evitania Online - Idle RPG,"1,557","1,632","2,145"
582,583,Brick Rigs,"1,556","2,284","2,920"
583,584,METAL GEAR SOLID: Peace Walker - Master Collection Version,"1,552","2,186","4,724"
584,585,RoadCraft,"1,540","2,214","33,761"
585,586,HumanitZ,"1,538","2,044","12,674"
586,587,Oaken Tower,"1,537","1,861","6,950"
587,588,The NOexistenceN of Lilith,"1,531","2,388","3,744"
588,589,Against the Storm,"1,518","2,089","12,832"
589,590,Crab Game,"1,516","2,108","75,967"
590,591,STAR WARS™ Empire at War: Gold Pack,"1,503","2,336","5,716"
591,592,Human Fall Flat,"1,499","2,377","127,517"
592,593,WorldBox - God Simulator,"1,498","2,005","11,034"
593,594,PowerWash Simulator 2,"1,493","2,193","21,150"
594,595,Car Mechanic Simulator 2021,"1,491","2,122","22,561"
595,596,Assetto Corsa Rally,"1,491","2,166","8,398"
596,597,Backpack Battles,"1,487","2,089","36,557"
597,598,FTL: Faster Than Light,"1,486","2,129","19,301"
598,599,Nomad Drive Demo,"1,486","2,665","9,342"
599,600,Cube Racer,"1,482","1,635","3,283"
600,601,Totally Accurate Battle Simulator,"1,479","2,379","13,674"
601,602,Touhou Koumakyou: New Classic - the Embodiment of Scarlet Devil,"1,473","2,743","14,634"
602,603,Remnant II,"1,461","2,212","110,856"
603,604,Far Cry 4,"1,454","1,972","16,963"
604,605,Tiny Eden,"1,454","2,164","2,164"
605,606,Metro Exodus Enhanced Edition,"1,451","1,968","7,190"
606,607,Quasimorph,"1,451","1,883","6,227"
607,608,Live Wallpaper,"1,448","1,602","7,150"
608,609,StarRupture,"1,444","2,159","42,864"
609,610,Duet Night Abyss,"1,444","1,621","2,021"
610,611,Dungeon Crusher: Soul Hunters,"1,430","1,430","1,508"
611,612,Slime Rancher,"1,429","2,137","17,059"
612,613,Assassin's Creed Origins,"1,426","1,936","41,551"
613,614,Half Sword,"1,420","2,205","21,604"
614,615,觅长生,"1,412","2,264","26,379"
615,616,Watch_Dogs 2,"1,408","2,086","18,138"
616,617,Library Of Ruina,"1,407","2,195","8,015"
617,618,Infinity Nikki,"1,405","1,700","6,954"
618,619,EA SPORTS™ Madden NFL 27,"1,403","3,235","4,906"
619,620,Going Medieval,"1,385","1,892","14,676"
620,621,Kingdom Two Crowns,"1,384","2,043","26,623"
621,622,Esports Manager 2026,"1,381","1,607","10,149"
622,623,Ore Factory Squad ⛏️,"1,379","2,344","8,703"
623,624,OyasumiVR,"1,378","1,747","1,862"
624,625,Farmer Against Potatoes Idle,"1,377","1,446","8,951"
625,626,FINAL FANTASY XIV Online Free Trial,"1,376","2,176","4,290"
626,627,Asphalt Legends,"1,370","1,616","2,089"
627,628,Disco Elysium,"1,369","2,121","8,081"
628,629,RAID: Shadow Legends,"1,366","1,382","1,966"
629,630,Idle Slayer – Incremental RPG,"1,364","1,387","2,050"
630,631,Football Manager 2022,"1,356","1,676","88,767"
631,632,My Time at Sandrock,"1,351","1,720","21,778"
632,633,WUCHANG: Fallen Feathers,"1,346","2,562","131,518"
633,634,The Loopler,"1,346","2,068","2,068"
634,635,Black Friday Janitor: Clean the Whole Mall,"1,339","1,963","1,963"
635,636,Paralives,"1,333","2,257","78,603"
636,637,PowerWash Simulator,"1,329","1,835","14,178"
637,638,Persona5: The Phantom X,"1,326","2,580","41,622"
638,639,Predecessor,"1,321","2,459","7,339"
639,640,ASKA,"1,320","2,061","10,713"
640,641,Metro 2033 Redux,"1,319","1,730","50,317"
641,642,Crusader Kings II,"1,316","1,855","141,439"
642,643,The Tomorrow War,"1,315","1,647","1,647"
643,644,Metro Exodus,"1,315","1,731","15,375"
644,645,Marathon,"1,315","2,471","88,337"
645,646,Wobbly Life,"1,311","2,326","10,421"
646,647,Silly Linguine Cat Simulator Deluxe Online,"1,311","1,402","1,624"
647,648,The Scroll of Taiwu : Beyond The Dome,"1,305","2,098","72,533"
648,649,Star Trek Online,"1,303","1,680","7,910"
649,650,Stoneshard,"1,301","1,693","10,738"
650,651,DEAD OR ALIVE Xtreme Venus Vacation,"1,300","1,896","11,284"
651,652,Old School RuneScape,"1,295","1,792","6,151"
652,653,Total War: NAPOLEON - Definitive Edition,"1,294","1,695","9,935"
653,654,Meow My Crop!,"1,290","1,850","2,222"
654,655,Two Point Museum,"1,287","1,881","19,439"
655,656,EA SPORTS FC™ 24,"1,286","1,520","107,359"
656,657,ContractVille,"1,286","2,031","2,031"
657,658,龙胤立志传,"1,283","1,868","33,667"
658,659,Mafia III: Definitive Edition,"1,282","1,807","47,822"
659,660,Resident Evil 6,"1,281","1,857","11,879"
660,661,WWE 2K26,"1,280","1,664","6,570"
661,662,Call of Duty®: Black Ops Cold War,"1,271","1,895","3,693"
662,663,Feed The Cups,"1,269","2,579","11,413"
663,664,VBridger,"1,267","1,488","1,851"
664,665,Don't Starve,"1,264","2,027","16,796"
665,666,Total War: ROME REMASTERED,"1,262","1,648","18,526"
666,667,Deep Rock Galactic: Survivor,"1,261","1,574","56,943"
667,668,Scritchy Scratchy,"1,261","1,612","23,881"
668,669,Farm Together 2,"1,258","1,452","4,291"
669,670,Insurgency: Sandstorm,"1,256","1,793","14,606"
670,671,Resident Evil 5,"1,255","2,209","8,154"
671,672,GUILTY GEAR -STRIVE-,"1,251","1,582","31,156"
672,673,Dread Hunger,"1,250","1,895","107,982"
673,674,BATTLETECH,"1,246","1,896","35,767"
674,675,Sea Power,"1,246","1,685","5,944"
675,676,Mechabellum,"1,241","1,716","7,782"
676,677,Warborne Above Ashes,"1,239","1,240","16,771"
677,678,MechWarrior 5: Mercenaries,"1,233","2,288","6,476"
678,679,FINAL FANTASY RESONANCE DEMO,"1,233","2,124","6,522"
679,680,OVR Toolkit,"1,232","2,209","5,176"
680,681,Sins of a Solar Empire II,"1,227","2,003","13,394"
681,682,No Rest for the Wicked,"1,221","1,602","62,997"
682,683,Village in the Shade,"1,219","2,477","5,224"
683,684,Tomb Raider,"1,218","1,705","89,538"
684,685,天外 : 英雄 Online,"1,218","1,302","2,261"
685,686,Sultan's Game,"1,215","2,098","46,106"
686,687,Supermarket Chaos,"1,211","1,530","5,436"
687,688,Tap Tap Loot,"1,210","1,370","5,603"
688,689,In Falsus,"1,208","2,053","3,008"
689,690,Horizon Walker,"1,207","1,607","4,538"
690,691,Elin,"1,204","1,693","18,239"
691,692,Madoka Magica Magia Exedra,"1,198","1,882","3,297"
692,693,"Sir, We Have an Orc Problem","1,197","1,607","7,684"
693,694,One-armed robber,"1,195","1,890","13,663"
694,695,DRAGON BALL XENOVERSE 2,"1,188","1,886","19,416"
695,696,Strikers Club,"1,186","2,187","11,828"
696,697,A Plague Tale: Innocence,"1,184","1,834","4,058"
697,698,METAL GEAR SOLID 4: Guns of the Patriots - Master Collection Version,"1,184","2,147","8,988"
698,699,Shadow of the Tomb Raider,"1,175","1,592","38,268"
699,700,SILENT HILL 2,"1,175","1,826","23,676"
700,701,Devil May Cry 5,"1,174","1,754","88,894"
701,702,Undecember,"1,171","1,489","46,103"
702,703,Persona 4 Golden,"1,169","1,552","29,984"
703,704,The Lord of the Rings Online™,"1,167","1,725","3,965"
704,705,Incremental Epic Hero 2,"1,166","1,223","3,723"
705,706,Dead Island 2,"1,163","1,855","18,721"
706,707,The Elder Scrolls IV: Oblivion Remastered,"1,163","2,190","216,784"
707,708,The Riftbreaker,"1,161","1,724","21,741"
708,709,Gunfire Reborn,"1,160","1,640","35,263"
709,710,Digimon Story Cyber Sleuth: Complete Edition,"1,157","1,863","3,429"
710,711,STAR WARS Jedi: Survivor™,"1,157","1,871","67,855"
711,712,AdVenture Capitalist,"1,149","1,449","22,998"
712,713,Source Filmmaker,"1,146","1,481","3,975"
713,714,Travellers Rest,"1,144","1,761","6,030"
714,715,Gems of War,"1,143","1,150","3,007"
715,716,Sill Cats,"1,143","1,229","1,879"
716,717,Idling to Rule the Gods,"1,142","1,199","2,783"
717,718,Combat Master,"1,140","1,487","7,141"
718,719,Ravenswatch,"1,138","2,040","10,018"
719,720,Blue Prince,"1,137","2,105","19,243"
720,721,Far Cry 6,"1,137","1,630","20,080"
721,722,Antimatter Dimensions,"1,136","1,205","6,962"
722,723,OMSI 2,"1,133","1,331","2,228"
723,724,RPG Maker MZ,"1,132","1,377","1,591"
724,725,Jurassic World Evolution 3,"1,132","1,807","21,387"
725,726,Automobilista 2,"1,131","1,974","3,896"
726,727,星之翼（Starward）,"1,129","2,470","6,195"
727,728,Tropico 6,"1,128","1,633","15,294"
728,729,The Sims™ 3,"1,125","1,597","10,505"
729,730,CarX Drift Racing Online,"1,124","1,532","5,369"
730,731,Dispatch,"1,123","2,078","220,060"
731,732,Phoenix Wright: Ace Attorney Trilogy,"1,119","1,885","4,724"
732,733,Slime Rancher 2,"1,110","1,671","21,524"
733,734,Shape of Dreams,"1,108","1,495","45,773"
734,735,Onmyoji,"1,104","1,376","4,978"
735,736,Warudo,"1,104","1,531","1,820"
736,737,Necesse,"1,099","1,730","29,440"
737,738,Total War: WARHAMMER II,"1,091","1,462","84,920"
738,739,Crime Scene Cleaner,"1,090","1,470","13,577"
739,740,Resident Evil 3,"1,085","1,383","60,293"
740,741,Drag'n Wash,"1,083","1,623","3,692"
741,742,Pathogenic,"1,081","1,660","5,893"
742,743,HonkaiImpact 3rd,"1,078","1,078","2,275"
743,744,Upload Labs,"1,075","1,305","15,592"
744,745,SaveSync,"1,075","1,169","1,215"
745,746,X-Plane 12,"1,074","1,352","1,444"
746,747,Foundation,"1,070","1,524","18,448"
747,748,War Selection,"1,070","1,323","2,026"
748,749,Outer Wilds,"1,064","1,721","7,936"
749,750,VEIN,"1,063","1,641","11,073"
750,751,Morimens,"1,061","1,565","3,777"
751,752,Lobotomy Corporation,"1,055","1,931","7,928"
752,753,DOOM: The Dark Ages,"1,053","1,651","31,470"
753,754,Between Adventures IDLE,"1,053","1,264","1,724"
754,755,BALL x PIT,"1,051","1,337","35,402"
755,756,Inscryption,"1,049","1,340","17,072"
756,757,Company of Heroes,"1,046","1,415","5,906"
757,758,How Many Dudes?,"1,043","1,391","9,818"
758,759,STAR WARS™ Battlefront™ II,"1,038","1,735","35,892"
759,760,Pixel Gun 3D: PC Edition,"1,033","1,326","25,014"
760,761,UNCHARTED™: Legacy of Thieves Collection,"1,031","1,309","10,851"
761,762,Mindustry,"1,028","1,164","4,335"
762,763,Doomsday: The Seven Deadly Sins,"1,025","1,034","1,093"
763,764,Dota Underlords,"1,021","1,237","202,334"
764,765,Catan Universe,"1,018","1,344","7,376"
765,766,NOBUNAGA'S AMBITION: Awakening,"1,017","1,869","11,783"
766,767,Battlefield™ 2042,"1,017","1,475","107,376"
767,768,Train Sim World® 6,"1,017","1,300","3,039"
768,769,Like a Dragon: Infinite Wealth,"1,016","1,279","46,161"
769,770,Minecraft Dungeons,"1,015","1,534","7,918"
770,771,Lords Mobile: Kingdom Wars,"1,008","1,220","6,224"
771,772,Action Taimanin,"1,008","1,436","3,521"
772,773,Red Dead Redemption,"1,007","1,639","8,697"
773,774,The Crew Motorfest,"1,006","1,397","12,945"
774,775,Transformice,"1,003","1,481","5,636"
775,776,Lords of the Fallen,"1,003","1,756","43,075"
776,777,Out of the Park Baseball 27,"1,003","1,239","1,485"
777,778,Terra Invicta,"1,001","1,441","9,826"
778,779,PAYDAY 3,"1,000","1,631","77,938"
779,780,Construction Simulator,"1,000","1,541","17,365"
780,781,流亡黯道,"1,000","1,475","9,508"
781,782,Assetto Corsa EVO,"1,000","1,526","25,752"
782,783,PlateUp!,999,"1,880","12,460"
783,784,Marvel's Spider-Man: Miles Morales,996,"1,548","13,539"
784,785,Avatar: Frontiers of Pandora,994,"1,616","15,283"
785,786,Buckshot Roulette,993,"1,445","20,226"
786,787,The First Berserker: Khazan,990,"1,374","32,929"
787,788,Digimon Story Time Stranger,988,"1,409","84,458"
788,789,TEKKEN 7,984,"1,189","18,966"
789,790,Tainted Grail: The Fall of Avalon,971,"1,544","25,656"
790,791,ヘブンバーンズレッド,970,"1,639","20,201"
791,792,Paladins,969,"1,466","60,743"
792,793,Football Manager 2020,963,"1,182","189,464"
793,794,Football Manager 2021,954,"1,181","93,865"
794,795,Sunkenland,951,"1,392","26,154"
795,796,Prison Architect,948,"1,329","16,211"
796,797,SurrounDead,938,"1,325","10,762"
797,798,F1® Manager 2024,935,"1,091","12,066"
798,799,DOOM Eternal,933,"1,287","104,891"
799,800,ARMORED CORE™ VI FIRES OF RUBICON™,931,"1,317","156,171"
800,801,Nioh 2 – The Complete Edition,930,"1,469","41,325"
801,802,Darkest Dungeon® II,929,"1,095","23,800"
802,803,Ranch Simulator,925,"1,533","12,624"
803,804,CloverPit,917,"1,156","25,190"
804,805,Mafia: Definitive Edition,910,"1,330","36,679"
805,806,Neverwinter,909,"1,100","14,866"
806,807,少女前线,905,"1,291","14,019"
807,808,Last Epoch,904,"1,136","264,708"
808,809,The Witcher: Enhanced Edition,903,"1,268","12,685"
809,810,Dinkum,903,"1,208","13,412"
810,811,SMITE,898,"1,616","31,169"
811,812,eFootball PES 2021 SEASON UPDATE,895,"1,140","20,674"
812,813,OCTOPATH TRAVELER II,894,"1,555","17,008"
813,814,Torchlight: Infinite,893,"1,013","27,406"
814,815,Monster Hunter Stories 3: Twisted Reflection,892,"1,110","54,778"
815,816,Easy Red 2,883,"1,245","12,026"
816,817,Mecha BREAK,881,"1,553","132,816"
817,818,Titanfall® 2,877,"1,355","27,631"
818,819,Halo Infinite,876,"2,579","272,586"
819,820,Need for Speed™ Unbound,874,"1,136","14,063"
820,821,Mad Max,868,"1,277","33,356"
821,822,Titan Quest II,868,"1,298","27,099"
822,823,The Hidden Ones Demo,864,"3,845","14,001"
823,824,大侠立志传：碧血丹心,863,"1,311","28,936"
824,825,Dead Frontier 2,861,"1,127","10,101"
825,826,GTFO,853,"1,329","18,813"
826,827,Battlefield 4™,851,"1,386","12,425"
827,828,Monster Train 2,848,991,"18,503"
828,829,DYNASTY WARRIORS: ORIGINS,846,"1,549","69,483"
829,830,"Warhammer 40,000: Gladius - Relics of War",842,"1,171","11,136"
830,831,Sun Haven,841,"1,290","12,706"
831,832,INAZUMA ELEVEN: Victory Road,841,986,"52,795"
832,833,The King is Watching,838,892,"17,988"
833,834,Romestead,829,"1,209","37,047"
834,835,FIFA 22,828,"1,052","108,295"
835,836,FragPunk,826,"1,258","113,946"
836,837,Starbound,824,"1,135","88,709"
837,838,Muck,821,"1,227","16,715"
838,839,MENACE,821,"1,181","20,623"
839,840,Command & Conquer™ Remastered Collection,819,"1,147","42,587"
840,841,Marvel's Midnight Suns,812,"1,160","15,500"
841,842,Pax Dei,807,"1,104","11,531"
842,843,Titan Quest Anniversary Edition,805,"1,030","19,497"
843,844,Phantasy Star Online 2 New Genesis,803,"1,003","59,558"
844,845,Trove,799,913,"58,949"
845,846,BlazBlue Entropy Effect,796,"1,676","11,918"
846,847,Backrooms: Escape Together,793,"1,585","13,432"
847,848,Fish Idle 2: Underwater Mystery,787,859,"44,430"
848,849,Hero's Land,785,"1,135","37,249"
849,850,The Witcher 2: Assassins of Kings Enhanced Edition,783,"1,186","12,884"
850,851,9 Kings,783,"1,042","13,905"
851,852,IRON NEST: Heavy Turret Simulator,781,"1,210","17,599"
852,853,FINAL FANTASY XVI,776,"1,220","27,508"
853,854,Moonlighter,770,"1,105","14,244"
854,855,DRAGON BALL: Sparking! ZERO,766,"1,287","122,554"
855,856,Dwarf Fortress,765,"1,230","28,340"
856,857,HUMANKIND™,765,"1,239","55,284"
857,858,XCOM: Enemy Unknown,760,"1,097","70,568"
858,859,STORY OF SEASONS: Grand Bazaar,759,"1,168","12,898"
859,860,Poppy Playtime,757,"1,192","52,866"
860,861,Half-Life,755,"1,149","33,471"
861,862,Back 4 Blood,745,"1,051","65,987"
862,863,Corsair Cove,741,"1,090","12,711"
863,864,Age of Mythology: Extended Edition,740,"1,110","11,074"
864,865,Just Cause 3,739,"1,065","23,459"
865,866,Enter the Gungeon,738,"1,085","15,792"
866,867,Drive Beyond Horizons,737,"1,240","14,797"
867,868,Vampire Crawlers,732,978,"45,686"
868,869,Cash Cleaner Simulator,729,"1,021","10,747"
869,870,DEVOUR,728,"1,173","12,331"
870,871,Golf With Your Friends,723,"2,580","20,750"
871,872,No More Room in Hell,706,984,"10,922"
872,873,Infection Free Zone,701,944,"19,380"
873,874,Dead Space,700,"1,062","30,925"
874,875,Pass the Fear,695,"1,176","26,028"
875,876,Pathfinder: Kingmaker,694,951,"22,643"
876,877,STAR WARS Jedi: Fallen Order™,686,"1,086","46,550"
877,878,活俠傳,684,987,"24,278"
878,879,MOBILE SUIT GUNDAM BATTLE OPERATION 2,683,"1,527","25,422"
879,880,EA SPORTS™ FIFA 23,681,817,"110,878"
880,881,Shin Megami Tensei V: Vengeance,681,917,"21,749"
881,882,NieR:Automata™,680,"1,013","23,908"
882,883,Governor of Poker 3,675,681,"53,943"
883,884,ACE COMBAT™7: SKIES UNKNOWN,674,851,"13,758"
884,885,MORDHAU,672,"1,003","60,204"
885,886,Heroes' Vow: Three Kingdoms,672,937,"19,153"
886,887,Mortal Kombat X,671,"1,027","15,743"
887,888,Far Cry® 3,668,"1,023","23,065"
888,889,Middle-earth™: Shadow of Mordor™,668,"1,075","48,668"
889,890,Content Warning,667,"1,448","204,439"
890,891,Subnautica: Below Zero,662,"1,012","42,115"
891,892,SILENT HILL f,658,962,"22,621"
892,893,MARVEL Tōkon: Fighting Souls,657,"1,166","24,498"
893,894,For The King II,656,"1,112","28,528"
894,895,FINAL FANTASY X/X-2 HD Remaster,652,"1,028","13,263"
895,896,Call of Duty: WWII,651,"1,005","19,406"
896,897,Horizon Zero Dawn™ Complete Edition,646,"1,046","56,557"
897,898,DOOM,638,"1,017","44,271"
898,899,Sora no Kiseki the 1st,633,"1,126","14,295"
899,900,Two Point Hospital,629,890,"34,009"
900,901,Red Dead Online,627,970,"19,921"
901,902,Plague Inc: Evolved,626,830,"17,889"
902,903,暖雪 Warm Snow,624,"1,203","44,702"
903,904,My Winter Car,622,783,"24,107"
904,905,Farlight 84,619,704,"41,396"
905,906,Muse Dash,618,"1,282","11,478"
906,907,Draw & Guess,617,"1,571","41,766"
907,908,Dishonored,613,880,"19,938"
908,909,Everything is Crab,611,856,"20,208"
909,910,Starsand Island,610,824,"12,063"
910,911,Dishonored 2,605,882,"22,411"
911,912,The Alters,604,891,"18,120"
912,913,Liar's Bar,595,905,"113,798"
913,914,Castle Crashers,583,"1,291","16,013"
914,915,Mafia: The Old Country,582,853,"35,247"
915,916,Car Mechanic Simulator 2018,580,760,"24,045"
916,917,Myth of Empires,577,657,"47,654"
917,918,AI Limit,573,946,"14,480"
918,919,Barony,572,"1,429","13,236"
919,920,Ori and the Will of the Wisps,572,993,"34,807"
920,921,Jagged Alliance 3,571,806,"25,366"
921,922,Quarantine Zone: The Last Check,570,771,"31,653"
922,923,Watch_Dogs,567,746,"47,887"
923,924,Frostpunk 2,562,850,"35,533"
924,925,Into the Breach,558,683,"14,682"
925,926,Game of Thrones Kingsroad,556,975,"17,224"
926,927,The Crew 2,553,723,"55,907"
927,928,Dragon's Dogma: Dark Arisen,552,763,"27,368"
928,929,IXION,551,"1,029","17,189"
929,930,Retro Rewind - Video Store Simulator,551,916,"12,081"
930,931,Football Manager 2019,549,743,"75,982"
931,932,EARTH DEFENSE FORCE 6,545,"1,083","18,641"
932,933,Portal,541,780,"20,672"
933,934,Jurassic World Evolution 2,541,804,"20,993"
934,935,MISERY,540,980,"18,585"
935,936,Yi Xian: The Cultivation Card Game,536,862,"10,818"
936,937,Batman™: Arkham Origins,532,847,"25,017"
937,938,Planet Coaster,531,766,"21,971"
938,939,Assassin's Creed Unity,530,669,"12,180"
939,940,Stray,530,960,"62,963"
940,941,Jump Space,523,621,"22,365"
941,942,NBA 2K24,523,810,"30,363"
942,943,DC Universe Online,521,757,"17,701"
943,944,LEGO® Batman™: Legacy of the Dark Knight,512,958,"33,456"
944,945,Sniper Elite 3,507,674,"10,861"
945,946,Deep Rock Galactic: Rogue Core,501,943,"42,176"
946,947,Call of Duty: Infinite Warfare,497,811,"15,417"
947,948,s&box,493,548,"12,935"
948,949,Onimusha: Way of the Sword DEMO,492,812,"10,896"
949,950,Solo Leveling: ARISE OVERDRIVE,491,703,"12,839"
950,951,Pixel Worlds,487,551,"13,962"
951,952,Volcano Princess,485,838,"31,057"
952,953,Farming Simulator 17,484,627,"32,313"
953,954,Soulstone Survivors,482,635,"18,854"
954,955,Potion Craft: Alchemist Simulator,478,601,"10,161"
955,956,Farever,478,781,"14,961"
956,957,Far Cry Primal,476,662,"14,783"
957,958,LEGO® Star Wars™: The Skywalker Saga,475,808,"82,517"
958,959,The Texas Chain Saw Massacre,475,650,"17,198"
959,960,大富翁10(Richman 10),472,888,"10,791"
960,961,Blue Protocol: Star Resonance,469,560,"94,459"
961,962,New World: Aeternum,468,773,"913,634"
962,963,Call of Duty: Black Ops,466,744,"63,343"
963,964,DREDGE,464,796,"12,686"
964,965,Dragon Age™: The Veilguard,463,817,"89,418"
965,966,Killing Floor 3,462,585,"30,112"
966,967,Road to Empress Ⅱ,459,923,"30,747"
967,968,Call of Duty: Modern Warfare 2 (2009),457,650,"22,614"
968,969,METAL GEAR SOLID Δ: SNAKE EATER,454,810,"19,634"
969,970,Amazing Cultivation Simulator,451,661,"18,349"
970,971,Fall Guys,451,691,"172,213"
971,972,FINAL FANTASY XV WINDOWS EDITION,449,645,"29,498"
972,973,MiSide,447,901,"23,741"
973,974,Tiny Glade,446,677,"10,692"
974,975,Bloons TD Battles 2,445,586,"17,137"
975,976,Left 4 Dead,442,716,"30,616"
976,977,Servant of the Lake,440,685,"28,533"
977,978,DELTARUNE (Chapter 1 & 2 DEMO),439,727,"102,916"
978,979,Banished,438,688,"24,636"
979,980,Borderlands GOTY Enhanced,438,747,"26,446"
980,981,Football Manager 2018,436,557,"71,575"
981,982,Solarpunk,434,778,"10,192"
982,983,Avatar Legends: The Fighting Game,434,904,"12,211"
983,984,PixARK,428,688,"14,144"
984,985,Dungeon Defenders II,426,589,"18,785"
985,986,Magicraft,425,614,"18,834"
986,987,DRAGON BALL Z: KAKAROT,424,621,"25,852"
987,988,Skul: The Hero Slayer,421,641,"18,970"
988,989,REANIMAL,420,849,"24,309"
989,990,Luma Island,420,573,"35,098"
990,991,Game of Thrones: Kingsroad,419,599,"10,727"
991,992,PlanetSide 2,418,659,"29,676"
992,993,DRAGON BALL FighterZ,416,759,"44,303"
993,994,ENDLESS Space™ 2,410,675,"53,435"
994,995,Generation Zero®,407,603,"11,416"
995,996,Assassin's Creed IV Black Flag,406,569,"16,049"
996,997,Cosmoteer: Starship Architect & Commander,406,617,"13,794"
997,998,Vampyr,402,624,"16,120"
998,999,Hotline Miami 2: Wrong Number,401,541,"18,950"
999,1000,Super Auto Pets,401,446,"10,760"
1000,1001,SUPER ROBOT WARS Y,401,676,"14,812"
1001,1002,Spiritfarer®: Farewell Edition,399,622,"11,726"
1002,1003,Rune Factory: Guardians of Azuma,398,521,"13,121"
1003,1004,Cairn,395,554,"14,996"
1004,1005,Nioh: Complete Edition,394,532,"10,649"
1005,1006,Life is Strange™,393,653,"18,260"
1006,1007,My Time at Portia,390,548,"13,299"
1007,1008,Sid Meier's Civilization: Beyond Earth,389,550,"86,892"
1008,1009,Romancing SaGa 2: Revenge of the Seven,388,668,"16,429"
1009,1010,ROMANCE OF THE THREE KINGDOMS 8 REMAKE,387,640,"18,948"
1010,1011,METAL GEAR RISING: REVENGEANCE,386,562,"12,205"
1011,1012,Surviving Mars,385,544,"23,744"
1012,1013,Wolfenstein II: The New Colossus,385,562,"16,141"
1013,1014,Counter-Strike: Condition Zero,382,557,"32,748"
1014,1015,Call of Duty®: Modern Warfare® 3 (2011),382,613,"46,327"
1015,1016,F1® 24,382,498,"13,327"
1016,1017,Football Manager 2017,381,542,"72,824"
1017,1018,NBA 2K23,381,622,"59,006"
1018,1019,HoloCure - Save the Fans!,377,456,"46,155"
1019,1020,Skillshot City,370,593,"214,143"
1020,1021,Indiana Jones and the Great Circle,368,691,"12,138"
1021,1022,"Warhammer 40,000: Chaos Gate - Daemonhunters",367,528,"12,455"
1022,1023,Hitman: Absolution,364,510,"26,137"
1023,1024,Romance of the Three Kingdoms XIII,363,591,"11,909"
1024,1025,Wolfenstein: The New Order,359,628,"11,986"
1025,1026,Kingdom Rush 5: Alliance TD,357,576,"21,133"
1026,1027,Tiny Pasture,357,566,"19,732"
1027,1028,Imperator: Rome,352,524,"41,945"
1028,1029,Tom Clancy's The Division,350,494,"114,228"
1029,1030,Pacific Drive,346,570,"18,507"
1030,1031,FANTASY LIFE i: The Girl Who Steals Time,343,521,"65,389"
1031,1032,UBERMOSH,342,672,"10,730"
1032,1033,Need for Speed™ Payback,342,519,"12,152"
1033,1034,Outlast,341,524,"11,827"
1034,1035,BioShock Infinite,339,553,"65,332"
1035,1036,Crimson Moon,334,812,"10,273"
1036,1037,Call of Duty: Black Ops II - Multiplayer,333,567,"71,228"
1037,1038,Pillars of Eternity,333,492,"41,906"
1038,1039,Super Battle Golf,332,"1,631","20,421"
1039,1040,火炬之光：无限,331,643,"10,025"
1040,1041,Norland,329,446,"11,866"
1041,1042,Starship Troopers: Extermination,327,412,"16,372"
1042,1043,Halls of Torment,325,484,"26,061"
1043,1044,Mafia II (Classic),322,416,"29,474"
1044,1045,Road to Empress I,322,534,"17,170"
1045,1046,Total War: WARHAMMER,316,460,"113,019"
1046,1047,Dawn of Man,316,499,"23,864"
1047,1048,Rivals of Aether II,316,658,"11,765"
1048,1049,Pillars of Eternity II: Deadfire,315,438,"22,724"
1049,1050,Prey,313,506,"24,594"
1050,1051,Football Manager 2015,312,394,"82,071"
1051,1052,Call of Duty: Modern Warfare 2 (2009) - Multiplayer,311,486,"112,874"
1052,1053,Tiny Tina's Wonderlands,310,494,"15,021"
1053,1054,Ultimate Chicken Horse,309,598,"15,874"
1054,1055,Borderlands: The Pre-Sequel,308,583,"68,238"
1055,1056,Football Manager 2016,308,402,"82,916"
1056,1057,Outward,306,449,"11,296"
1057,1058,Fellowship,306,582,"43,841"
1058,1059,Rising Storm 2: Vietnam,302,490,"24,518"
1059,1060,Rusty's Retirement,302,371,"20,876"
1060,1061,SEGA FOOTBALL CLUB CHAMPIONS,302,524,"10,488"
1061,1062,BattleBit Remastered,301,529,"87,323"
1062,1063,Smalland: Survive the Wilds,299,563,"12,741"
1063,1064,Gears 5,297,812,"10,196"
1064,1065,Sonic Racing: CrossWorlds,296,"1,232","13,630"
1065,1066,Remnant: From the Ashes,294,501,"48,289"
1066,1067,Aliens: Fireteam Elite,294,564,"15,568"
1067,1068,Minion Masters,293,341,"10,329"
1068,1069,South Park™: The Stick of Truth™,291,450,"34,811"
1069,1070,BONELAB,290,567,"11,991"
1070,1071,Inside the Backrooms,289,552,"15,033"
1071,1072,Bloodstained: Ritual of the Night,288,376,"26,934"
1072,1073,Quake Champions,285,399,"17,476"
1073,1074,CODE VEIN,280,368,"33,895"
1074,1075,A Total War Saga: THRONES OF BRITANNIA,280,403,"22,797"
1075,1076,Little Nightmares II,280,465,"10,563"
1076,1077,Rise of the Ronin,280,478,"12,683"
1077,1078,Chinese Parents,278,502,"32,593"
1078,1079,OCTOPATH TRAVELER 0,278,388,"14,046"
1079,1080,Call of Duty: WWII - Multiplayer,277,424,"56,627"
1080,1081,Far Cry New Dawn,277,390,"16,975"
1081,1082,Schedule I: Free Sample,274,396,"36,145"
1082,1083,Alien: Isolation,270,493,"10,870"
1083,1084,FINAL FANTASY TACTICS - The Ivalice Chronicles,268,433,"21,010"
1084,1085,The Escapists 2,267,410,"11,202"
1085,1086,Marvel's Guardians of the Galaxy,267,421,"10,989"
1086,1087,The Binding of Isaac,266,327,"12,575"
1087,1088,Everwind,266,463,"11,022"
1088,1089,Heroes of Hammerwatch II,264,425,"21,237"
1089,1090,Ghostrunner,263,542,"11,294"
1090,1091,Winter Memories,261,293,"12,403"
1091,1092,Forager,260,341,"13,438"
1092,1093,Football Manager 2014,259,349,"79,105"
1093,1094,John Carpenter's Toxic Commando,259,352,"17,158"
1094,1095,Halo: Campaign Evolved,252,784,"25,376"
1095,1096,MOUSE: P.I. For Hire,251,431,"13,755"
1096,1097,Half-Life: Alyx,247,399,"42,858"
1097,1098,Gas Station Simulator,247,372,"12,229"
1098,1099,YAPYAP,247,589,"14,775"
1099,1100,South Park The Fractured But Whole,246,428,"21,609"
1100,1101,Tree of Savior (English Ver.),244,257,"53,554"
1101,1102,Black Squad,244,285,"15,939"
1102,1103,Metro: Last Light Complete Edition,241,289,"37,815"
1103,1104,Wasteland 3,241,426,"24,555"
1104,1105,Saints Row: The Third,238,365,"34,371"
1105,1106,Spiral Knights,234,381,"13,143"
1106,1107,Tiny Bunny,234,287,"25,465"
1107,1108,Across the Obelisk,232,441,"14,037"
1108,1109,Waifusitter,230,237,"11,489"
1109,1110,Soda Dungeon 2,229,249,"13,385"
1110,1111,Super Fantasy Kingdom,228,303,"12,672"
1111,1112,A.V.A Global,226,445,"16,199"
1112,1113,Besiege,225,338,"11,206"
1113,1114,Fallout 3 - Game of the Year Edition,224,418,"11,471"
1114,1115,Sins of a Solar Empire: Rebellion,223,401,"93,109"
1115,1116,Bless Unleashed,223,256,"76,377"
1116,1117,The Forever Winter,218,332,"12,611"
1117,1118,Echoes of Aincrad,217,341,"19,901"
1118,1119,"Warhammer 40,000: Dawn of War II - Retribution",215,316,"15,143"
1119,1120,ATLYSS,214,382,"10,803"
1120,1121,Monster Hunter Stories 2: Wings of Ruin,213,276,"34,995"
1121,1122,Tactics Ogre: Reborn,213,303,"10,677"
1122,1123,Dungeon Defenders,212,394,"21,862"
1123,1124,Ghostwire: Tokyo,211,347,"14,086"
1124,1125,Call of Duty: Black Ops II,210,356,"18,277"
1125,1126,Taiko Risshiden V DX,209,395,"10,663"
1126,1127,NieR Replicant ver.1.22474487139...,208,303,"28,684"
1127,1128,Like a Dragon: Pirate Yakuza in Hawaii,207,271,"22,327"
1128,1129,プロ野球スピリッツ2024-2025,206,384,"10,005"
1129,1130,RACCOIN: Coin Pusher Roguelike,205,294,"11,626"
1130,1131,Football Manager 2012,201,304,"77,630"
1131,1132,DRAGON QUEST VII Reimagined,201,297,"27,390"
1132,1133,Torchlight II,199,286,"54,821"
1133,1134,WRC 7,199,540,"11,215"
1134,1135,The Hundred Line -Last Defense Academy-,198,274,"10,026"
1135,1136,Five Nights at Freddy's: Security Breach,197,300,"17,219"
1136,1137,Deus Ex: Mankind Divided™,195,334,"52,485"
1137,1138,Battlerite,195,334,"45,145"
1138,1139,Tokyo Xtreme Racer,195,281,"15,824"
1139,1140,"Warhammer 40,000: Dawn of War II - Anniversary Edition",194,334,"18,862"
1140,1141,Call of Duty: Black Ops - Multiplayer,194,288,"118,593"
1141,1142,Rogue Company,194,380,"12,189"
1142,1143,Little Nightmares III,194,311,"22,653"
1143,1144,Killing Floor,193,326,"24,107"
1144,1145,NBA 2K22,193,289,"46,661"
1145,1146,Date Everything!,193,392,"14,231"
1146,1147,Summoners War: Chronicles,192,233,"38,641"
1147,1148,Magical Princess,192,286,"12,789"
1148,1149,Dead Rising 3,189,279,"11,418"
1149,1150,WEBFISHING,189,350,"24,085"
1150,1151,Saints Row IV,187,306,"42,270"
1151,1152,Insurgency,187,286,"121,575"
1152,1153,三国群英传8 Kingdom Heroes 8,187,293,"25,160"
1153,1154,Beast of Reincarnation,187,283,"15,001"
1154,1155,Avowed,187,396,"19,198"
1155,1156,The Walking Dead,185,315,"12,114"
1156,1157,Monster Train,184,245,"14,073"
1157,1158,Infestation: The New Z,181,252,"14,437"
1158,1159,Loop Hero,180,221,"51,156"
1159,1160,Wo Long: Fallen Dynasty,180,297,"75,906"
1160,1161,ATLAS,179,328,"58,939"
1161,1162,High On Life,178,299,"11,608"
1162,1163,Mina the Hollower,178,363,"12,916"
1163,1164,Arma 2: Operation Arrowhead,177,219,"19,175"
1164,1165,RIFT,177,250,"15,546"
1165,1166,Marvel Heroes Omega,177,192,"12,518"
1166,1167,Sonic Frontiers,176,303,"19,181"
1167,1168,Counter-Strike Nexon,175,216,"10,007"
1168,1169,GreedFall,174,295,"16,345"
1169,1170,Tales of ARISE,174,247,"60,274"
1170,1171,Life is Strange 2,172,326,"468,717"
1171,1172,NBA 2K20,171,235,"48,375"
1172,1173,The Outer Worlds 2,171,388,"18,251"
1173,1174,Heroes of Might and Magic: Olden Era Demo,171,216,"24,157"
1174,1175,Age of Wonders III,170,240,"19,469"
1175,1176,Jurassic World Evolution,167,276,"60,296"
1176,1177,Soulworker,165,241,"10,332"
1177,1178,APB Reloaded,164,270,"11,813"
1178,1179,QUICKERFLAK,164,463,"14,289"
1179,1180,F1® 23,164,221,"14,512"
1180,1181,"Warhammer 40,000: Space Marine - Anniversary Edition",163,304,"15,653"
1181,1182,DARK SOULS™ II,163,297,"79,528"
1182,1183,Climber Animals: Together,163,616,"39,181"
1183,1184,Call of Duty®: Modern Warfare® 3 (2011) - Multiplayer,162,236,"86,832"
1184,1185,Ultimate Custom Night,160,245,"11,320"
1185,1186,Home Behind 2,160,307,"20,081"
1186,1187,Football Manager 2013,158,236,"87,719"
1187,1188,SD GUNDAM G GENERATION CROSS RAYS,158,234,"10,415"
1188,1189,Death Must Die,158,237,"15,905"
1189,1190,"Warhammer 40,000: Dawn of War III",150,249,"25,676"
1190,1191,Orcs Must Die! 3,150,240,"13,210"
1191,1192,eFootball PES 2020,149,177,"21,018"
1192,1193,Craftopia,149,198,"27,246"
1193,1194,OUTRIDERS,145,235,"125,143"
1194,1195,HITMAN™ 2,145,211,"361,001"
1195,1196,Rogue Legacy 2,145,251,"22,811"
1196,1197,Borderlands GOTY,144,202,"23,655"
1197,1198,PolyClassic: Wild,144,145,"11,984"
1198,1199,RUNNING WITH RIFLES,143,245,"14,149"
1199,1200,Len's Island,142,216,"15,912"
1200,1201,Windblown,142,229,"10,179"
1201,1202,Temtem,141,201,"39,572"
1202,1203,Super Robot Wars 30,141,223,"17,005"
1203,1204,Marvel's Avengers - The Definitive Edition,141,203,"31,165"
1204,1205,SOULCALIBUR VI,140,225,"14,684"
1205,1206,Banana Shooter,139,168,"16,242"
1206,1207,Nuclear Nightmare,139,416,"10,441"
1207,1208,Omega Strikers,138,199,"19,257"
1208,1209,Little Nightmares,137,203,"78,169"
1209,1210,DRAGON QUEST III HD-2D Remake,137,230,"45,357"
1210,1211,Like a Dragon Gaiden: The Man Who Erased His Name,135,192,"13,737"
1211,1212,Call of Duty: Ghosts,134,204,"13,831"
1212,1213,ENDLESS Legend™,134,202,"89,190"
1213,1214,Risk of Rain Returns,133,230,"45,141"
1214,1215,IRON NEST: Heavy Turret Simulator Demo,132,198,"14,827"
1215,1216,DARK SOULS™: Prepare To Die Edition,131,211,"11,259"
1216,1217,ENDER MAGNOLIA: Bloom in the Mist,131,213,"14,134"
1217,1218,EGG,131,145,"39,524"
1218,1219,DRAGON QUEST I & II HD-2D Remake,129,237,"15,608"
1219,1220,EA SPORTS™ FIFA 21,127,187,"44,388"
1220,1221,Sniper Elite V2,125,165,"70,456"
1221,1222,Wayfinder,125,272,"24,712"
1222,1223,Dead Island Riptide Definitive Edition,123,177,"20,476"
1223,1224,Project Playtime,123,221,"21,105"
1224,1225,Rising Storm/Red Orchestra 2 Multiplayer,122,190,"16,551"
1225,1226,Call of Duty: Ghosts - Multiplayer,121,186,"37,268"
1226,1227,Gotham Knights,121,230,"24,138"
1227,1228,PICO PARK,121,289,"16,802"
1228,1229,Ninja Gaiden 4,121,183,"11,217"
1229,1230,Street Fighter V,120,163,"14,783"
1230,1231,F1 2020,119,201,"24,010"
1231,1232,Evil Genius 2,118,221,"37,117"
1232,1233,BattleBlock Theater,117,203,"14,781"
1233,1234,Transport Fever,117,149,"12,615"
1234,1235,Tropico 4,116,184,"10,892"
1235,1236,The Ascent,115,179,"14,013"
1236,1237,Farming Simulator 15,114,201,"18,711"
1237,1238,911 Operator,114,159,"10,019"
1238,1239,GUNDAM BREAKER 4,111,147,"27,110"
1239,1240,DEATHLOOP,109,176,"20,094"
1240,1241,再刷一把2：金色传说,109,157,"12,958"
1241,1242,20 Minutes Till Dawn,107,136,"12,953"
1242,1243,Sonic Mania,106,177,"11,937"
1243,1244,Football Manager 2011,105,150,"34,997"
1244,1245,Tropico 5,105,187,"13,483"
1245,1246,F1 2021,105,126,"25,575"
1246,1247,DiRT Rally,104,144,"20,343"
1247,1248,Age of Wonders: Planetfall,104,141,"10,462"
1248,1249,Flag Clicker,104,115,"12,284"
1249,1250,Totally Accurate Battlegrounds,103,213,"29,438"
1250,1251,中国式网游,103,151,"12,301"
1251,1252,Matchmaking Inc.,103,177,"10,109"
1252,1253,Shadow Warrior 2,100,112,"12,634"
1253,1254,Hamster,100,113,"16,988"
1254,1255,ELEX,99,141,"22,969"
1255,1256,人魅,98,197,"19,912"
1256,1257,Ori and the Blind Forest,97,235,"13,108"
1257,1258,Tribes of Midgard,97,267,"30,930"
1258,1259,LoveChoice 拣爱,97,247,"10,241"
1259,1260,Cucumber,97,111,"15,155"
1260,1261,情感反诈模拟器,97,192,"89,127"
1261,1262,DEATH STRANDING,96,125,"32,515"
1262,1263,Bananametr,95,106,"15,472"
1263,1264,Homeworld Remastered Collection,94,150,"17,790"
1264,1265,F1® 22,94,140,"25,172"
1265,1266,Call of Duty: Advanced Warfare,93,131,"12,675"
1266,1267,Thief,91,154,"18,352"
1267,1268,古剑奇谭三(Gujian3),91,208,"10,183"
1268,1269,Brighter Shores,91,137,"21,272"
1269,1270,Vampire: The Masquerade - Bloodlines 2,90,166,"27,020"
1270,1271,Tapple,89,92,"40,421"
1271,1272,Suicide Squad: Kill the Justice League,88,145,"13,459"
1272,1273,NBA 2K19,88,160,"29,202"
1273,1274,Shrimp,86,111,"16,392"
1274,1275,Daemon X Machina: Titanic Scion,85,137,"10,185"
1275,1276,Shrimp.io,85,97,"13,926"
1276,1277,The Front,84,114,"19,585"
1277,1278,The Walking Dead: Season Two,83,108,"18,627"
1278,1279,Call of Juarez Gunslinger,81,161,"11,902"
1279,1280,DRAGON BALL XENOVERSE,80,223,"22,850"
1280,1281,Sands of Salzaar,80,117,"21,047"
1281,1282,Teenage Mutant Ninja Turtles: Shredder's Revenge,80,159,"11,933"
1282,1283,RoadCraft Demo,80,113,"12,559"
1283,1284,CRSED: Cuisine Royale,79,136,"12,266"
1284,1285,The Wolf Among Us,78,167,"14,321"
1285,1286,XCOM: Chimera Squad,78,112,"35,955"
1286,1287,Shao Song I,77,143,"12,933"
1287,1288,FreeStyle 2: Street Basketball,75,87,"10,356"
1288,1289,Heart Clicker,75,99,"13,176"
1289,1290,Melon,75,93,"15,037"
1290,1291,Firewatch,74,148,"17,568"
1291,1292,The Callisto Protocol,73,127,"17,580"
1292,1293,Nightingale,73,158,"47,569"
1293,1294,The Stanley Parable: Ultra Deluxe,72,127,"13,802"
1294,1295,Apocalypse Party,72,100,"12,972"
1295,1296,Cats,72,110,"90,669"
1296,1297,Football Manager 2010,71,126,"24,343"
1297,1298,Football Manager 2009,70,100,"24,738"
1298,1299,Metro 2033,70,115,"14,743"
1299,1300,RAGE,69,107,"18,059"
1300,1301,俠之道(PathOfWuxia),69,105,"16,175"
1301,1302,SCARLET NEXUS,68,85,"14,516"
1302,1303,Wolcen: Lords of Mayhem,67,92,"127,542"
1303,1304,NBA 2K21,67,117,"31,826"
1304,1305,LIMBO,66,94,"27,466"
1305,1306,PAYDAY: The Heist,65,102,"50,316"
1306,1307,Anno 2070,65,108,"11,217"
1307,1308,Hurtworld,65,109,"13,333"
1308,1309,GUNTOUCHABLES,65,103,"16,284"
1309,1310,POSTAL,63,66,"412,063"
1310,1311,Goat Simulator,63,117,"10,108"
1311,1312,ENDLESS Space™ - Definitive Edition,62,78,"41,263"
1312,1313,The Jackbox Party Pack 3,62,266,"10,972"
1313,1314,SpeedRunners,61,163,"17,212"
1314,1315,Outpost: Infinity Siege,61,82,"17,128"
1315,1316,Hacknet,60,75,"127,640"
1316,1317,Risen 2 - Dark Waters,59,87,"10,867"
1317,1318,The Darkness II,59,127,"12,593"
1318,1319,RAGE 2,58,93,"13,673"
1319,1320,Ni no Kuni™ II: Revenant Kingdom,58,92,"10,805"
1320,1321,F1 2019,57,83,"12,736"
1321,1322,Ultimate Zombie Defense,57,78,"11,859"
1322,1323,MELTY BLOOD: TYPE LUMINA,57,112,"13,182"
1323,1324,The Slormancer,56,86,"10,989"
1324,1325,Sword Art Online: Fatal Bullet,55,61,"21,727"
1325,1326,Rotwood,54,80,"28,595"
1326,1327,ENA: Dream BBQ,54,141,"10,988"
1327,1328,Deponia: The Complete Journey,53,58,"13,321"
1328,1329,Tyranny,53,112,"15,792"
1329,1330,Last Oasis,53,84,"33,287"
1330,1331,SWORD ART ONLINE Fractured Daydream,53,80,"12,290"
1331,1332,GRID 2,52,102,"27,339"
1332,1333,Z1 Battle Royale,51,73,"151,239"
1333,1334,HuniePop 2: Double Date,51,125,"15,388"
1334,1335,Subverse,51,89,"25,318"
1335,1336,完蛋！我被美女包围了！,51,82,"65,435"
1336,1337,Waven,51,77,"16,084"
1337,1338,Atelier Yumia: The Alchemist of Memories & the Envisioned Land,51,83,"14,067"
1338,1339,江山北望,51,112,"10,815"
1339,1340,HITMAN™,50,73,"51,650"
1340,1341,Magic Duels,50,51,"14,586"
1341,1342,Rec Room,49,164,"17,678"
1342,1343,Century: Age of Ashes,48,84,"12,222"
1343,1344,We Were Here Expeditions: The FriendShip,48,143,"22,392"
1344,1345,Black Myth: Wukong Benchmark Tool,48,55,"85,277"
1345,1346,Sword and Fairy 7,47,104,"15,245"
1346,1347,Kingdom: Classic,46,73,"64,944"
1347,1348,SD GUNDAM BATTLE ALLIANCE,46,83,"21,909"
1348,1349,The Outer Worlds,45,109,"20,349"
1349,1350,Backpack Battles Demo,45,60,"18,958"
1350,1351,Dungeon of the ENDLESS™,44,52,"35,159"
1351,1352,NBA 2K17,44,74,"14,905"
1352,1353,BIOMUTANT,44,87,"55,048"
1353,1354,The Past Within,44,160,"11,642"
1354,1355,Stellar Blade™ Demo,44,58,"26,443"
1355,1356,Eador. Masters of the Broken World,43,56,"118,780"
1356,1357,Five Nights at Freddy's: Secret of the Mimic,43,91,"14,644"
1357,1358,Kerbal Space Program 2,42,74,"25,724"
1358,1359,Dirty Bomb,41,73,"13,113"
1359,1360,Life is Strange: Before the Storm,40,72,"16,209"
1360,1361,Nobody - The Turnaround,40,70,"82,511"
1361,1362,美女，请别影响我学习,40,53,"15,030"
1362,1363,SpongeBob SquarePants: Battle for Bikini Bottom - Rehydrated,39,91,"15,419"
1363,1364,F1® Manager 2022,39,59,"25,575"
1364,1365,Orcs Must Die! 2,38,75,"16,119"
1365,1366,Project CARS,38,68,"10,688"
1366,1367,Ruined King: A League of Legends Story™,38,50,"16,297"
1367,1368,Resident Evil 4 Chainsaw Demo,38,75,"36,310"
1368,1369,Awesomenauts,37,78,"12,156"
1369,1370,Dark and Light,37,46,"14,089"
1370,1371,NBA 2K18,37,70,"25,432"
1371,1372,POPUCOM,37,119,"20,919"
1372,1373,Injustice: Gods Among Us Ultimate Edition,36,80,"10,344"
1373,1374,DiRT 3 Complete Edition,36,78,"40,832"
1374,1375,Deceit,36,56,"16,923"
1375,1376,再刷一把 PlayAgain,36,64,"12,812"
1376,1377,The Jackbox Party Pack 7,35,224,"10,599"
1377,1378,Destroy All Humans!,34,46,"12,423"
1378,1379,Trials of Mana,34,59,"11,998"
1379,1380,Layers of Fear (2016),33,52,"145,384"
1380,1381,古龙风云录,33,55,"15,401"
1381,1382,SPLITGATE: Arena Reloaded,33,52,"25,785"
1382,1383,Item Tower,33,39,"13,650"
1383,1384,Shadow Warrior,32,55,"25,890"
1384,1385,Eastward,32,55,"13,882"
1385,1386,WILD HEARTS™,32,62,"28,511"
1386,1387,Spec Ops: The Line,31,63,"13,995"
1387,1388,Party Club,31,64,"40,828"
1388,1389,Two Worlds II HD,30,53,"10,863"
1389,1390,Dungeons 2,30,52,"11,705"
1390,1391,隐形守护者 The Invisible Guardian,30,64,"82,345"
1391,1392,Aliens: Colonial Marines,29,70,"13,266"
1392,1393,It Takes Two Friend's Pass,29,55,"16,827"
1393,1394,Capcom Arcade Stadium,29,45,"488,791"
1394,1395,天命奇御二 Fate Seeker II,29,52,"15,417"
1395,1396,Magic 2014,28,28,"14,104"
1396,1397,Project Winter,28,52,"38,794"
1397,1398,She Will Punish Them,28,30,"15,711"
1398,1399,Divinity: Original Sin (Classic),27,44,"22,040"
1399,1400,Strange Brigade,27,65,"22,426"
1400,1401,DRAGON QUEST® XI: Echoes of an Elusive Age™,27,59,"11,793"
1401,1402,F1 2015,26,37,"88,029"
1402,1403,Return to Monkey Island,26,53,"15,539"
1403,1404,Duke Nukem Forever,25,45,"13,321"
1404,1405,Gauntlet™,25,76,"12,730"
1405,1406,天命奇御 Fate Seeker,25,37,"16,413"
1406,1407,STAR WARS™: Squadrons,25,77,"36,492"
1407,1408,Enigma of Fear,25,69,"10,542"
1408,1409,Bright Memory: Infinite,24,50,"22,076"
1409,1410,Battlefield: Bad Company™ 2,23,51,"21,923"
1410,1411,Kingdoms of Amalur: Reckoning™,23,39,"12,800"
1411,1412,Shadowrun Returns,23,34,"24,329"
1412,1413,Zaccaria Pinball,23,39,"16,461"
1413,1414,Mage Arena,23,73,"17,404"
1414,1415,Dead Island,22,35,"35,906"
1415,1416,Call of Duty: Advanced Warfare - Multiplayer,22,69,"35,017"
1416,1417,PUBG: Experimental Server,22,30,"57,414"
1417,1418,MultiVersus,22,56,"153,433"
1418,1419,Sleeping Dogs™,21,32,"12,134"
1419,1420,Warhammer: End Times - Vermintide,21,59,"24,700"
1420,1421,Creativerse,21,40,"10,929"
1421,1422,Mysterious School,21,66,"14,157"
1422,1423,Deus Ex: Human Revolution,20,43,"56,010"
1423,1424,Depth,20,41,"10,916"
1424,1425,Monster Hunter Rise: Sunbreak Demo,20,24,"27,540"
1425,1426,Dragon's Dogma 2 Character Creator & Storage,20,40,"17,528"
1426,1427,The Descendant,19,23,"128,847"
1427,1428,Capcom Arcade 2nd Stadium,19,33,"463,928"
1428,1429,美女，请别影响我成仙,19,41,"13,040"
1429,1430,Echoes of Aincrad DEMO Version,19,49,"14,408"
1430,1431,PICO PARK:Classic Edition,18,60,"18,798"
1431,1432,Tom Clancy's Rainbow Six Siege - Test Server,18,47,"20,306"
1432,1433,Alien Swarm,17,40,"60,467"
1433,1434,Minimalism,17,32,"18,698"
1434,1435,Forspoken,17,45,"12,579"
1435,1436,The Murder of Sonic the Hedgehog,17,35,"15,543"
1436,1437,Unplagued,17,21,"10,199"
1437,1438,Magicka,16,45,"11,727"
1438,1439,OUTRIDERS Demo,16,24,"55,351"
1439,1440,Idol Showdown,16,43,"10,901"
1440,1441,Sanfu,16,37,"21,648"
1441,1442,Only Up!,16,26,"11,239"
1442,1443,20 Small Mazes,16,29,"15,492"
1443,1444,Infestation: The New Beginning,15,27,"15,373"
1444,1445,Heroes & Generals,15,20,"21,026"
1445,1446,Friday the 13th: The Game,15,35,"16,096"
1446,1447,Orwell,14,30,"154,375"
1447,1448,Splitgate,14,42,"67,724"
1448,1449,Metaphor: ReFantazio - Prologue Demo,14,24,"12,828"
1449,1450,X Rebirth,13,26,"14,732"
1450,1451,Assassin's Creed® III,13,27,"15,007"
1451,1452,Reign Of Kings,13,19,"13,278"
1452,1453,Nioh 3 Demo,13,34,"39,227"
1453,1454,Mafia II - Demo,12,18,"15,864"
1454,1455,Dead Island Riptide,12,25,"17,960"
1455,1456,Chivalry: Medieval Warfare,12,54,"25,145"
1456,1457,Wasteland 2,12,18,"18,856"
1457,1458,State of Decay,12,15,"10,079"
1458,1459,KurtzPel,12,25,"11,937"
1459,1460,Dome Keeper Demo,12,16,"14,800"
1460,1461,Sanctum 2,11,23,"13,621"
1461,1462,Serial Cleaner,11,12,"13,958"
1462,1463,PUBG: Test Server,11,23,"320,178"
1463,1464,Cube World,11,31,"35,622"
1464,1465,Oddworld: Abe's Oddysee,10,21,"45,049"
1465,1466,Evolve Stage 2,10,14,"51,127"
1466,1467,Journey To The Center Of The Earth,10,203,"13,027"
1467,1468,Darwin Project,10,41,"12,513"
1468,1469,Dream Daddy: A Dad Dating Simulator,10,22,"14,471"
1469,1470,Scarlet Idol Demo,10,45,"24,718"
1470,1471,Azur Lane: Crosswave,9,11,"10,413"
1471,1472,Breakout 13,9,20,"11,996"
1472,1473,DYNASTY WARRIORS: ORIGINS Demo,9,18,"10,598"
1473,1474,The Crew,8,13,"12,236"
1474,1475,Enclave,8,17,"14,907"
1475,1476,Distant Space,8,31,"26,557"
1476,1477,Ultimate Epic Battle Simulator,8,30,"10,326"
1477,1478,100 Asian Cats,8,8,"13,382"
1478,1479,Waifu,8,11,"36,197"
1479,1480,Alpha League HD,8,16,"10,252"
1480,1481,The Tiny Bang Story,7,10,"164,840"
1481,1482,Magic 2015,7,13,"14,071"
1482,1483,Serena,7,9,"11,333"
1483,1484,A Story About My Uncle,7,15,"190,590"
1484,1485,World War 3,7,14,"11,792"
1485,1486,Who's Your Daddy Playtest,7,10,"10,651"
1486,1487,CORN,7,226,"24,503"
1487,1488,The I of the Dragon,6,8,"11,612"
1488,1489,Marauders,6,13,"14,332"
1489,1490,1v1.LOL,6,13,"11,042"
1490,1491,BRINK,5,22,"16,824"
1491,1492,Mass Effect 2 (2010),5,16,"13,320"
1492,1493,Nosgoth,5,28,"11,921"
1493,1494,Cortex Command,5,7,"62,839"
1494,1495,Poker Night 2,5,29,"11,260"
1495,1496,Starpoint Gemini 2,5,11,"20,842"
1496,1497,Yet Another Zombie Defense,5,11,"67,959"
1497,1498,Braveland,5,6,"218,169"
1498,1499,Kathy Rain,5,12,"348,015"
1499,1500,Secret Of Magia,5,9,"11,352"
1500,1501,Shadowverse,5,12,"24,167"
1501,1502,Glass Masquerade,5,14,"29,689"
1502,1503,BROKE PROTOCOL,5,11,"147,854"
1503,1504,Resident Evil 3: Raccoon City Demo,5,14,"19,716"
1504,1505,Mirror 2: Project X,5,11,"45,657"
1505,1506,Poker Night at the Inventory (2010 Original Version),4,14,"10,146"
1506,1507,Monaco,4,13,"41,750"
1507,1508,Robocraft,4,6,"26,725"
1508,1509,Dead Bits,4,89,"14,137"
1509,1510,Absolver,4,25,"18,921"
1510,1511,BATTALION: Legacy,4,10,"16,771"
1511,1512,Game Migrated to Another Steam Page,4,4,"15,008"
1512,1513,Xuan-Yuan Sword VII,4,13,"12,320"
1513,1514,Nickelodeon All-Star Brawl,4,7,"13,314"
1514,1515,Brain Break,4,5,"16,548"
1515,1516,Shatterline,4,13,"21,760"
1516,1517,Wo Long: Fallen Dynasty Complete Edition Demo,4,12,"57,500"
1517,1518,Space Hulk: Deathwing,3,12,"11,499"
1518,1519,AX:EL,3,10,"35,956"
1519,1520,Jotun: Valhalla Edition,3,10,"27,501"
1520,1521,DISTRAINT: Deluxe Edition,3,11,"165,266"
1521,1522,Stories: The Path of Destinies,3,5,"81,664"
1522,1523,Prismata,3,15,"122,553"
1523,1524,Starship Annihilator,3,5,"17,248"
1524,1525,Music Racer,3,4,"18,509"
1525,1526,Nyasha,3,7,"32,033"
1526,1527,江湖十一,3,4,"10,225"
1527,1528,Voice of Chernobyl,3,8,"14,280"
1528,1529,HoloParade,3,5,"11,729"
1529,1530,Gears of War: E-Day Multiplayer Beta,3,9,"22,084"
1530,1531,Highguard,3,3,"97,249"
1531,1532,X-Blades,2,4,"10,294"
1532,1533,The Red Solstice,2,11,"82,980"
1533,1534,Warface: Clutch,2,11,"13,867"
1534,1535,Back to Bed,2,7,"30,771"
1535,1536,Fortified,2,4,"138,627"
1536,1537,Terra Incognita Chapter One: The Descendant,2,3,"13,352"
1537,1538,Sierra Ops,2,4,"12,559"
1538,1539,Mirage: Arcane Warfare,2,2,"43,152"
1539,1540,Turbo Pug,2,6,"15,462"
1540,1541,Meadow,2,12,"15,036"
1541,1542,Turbo Pug DX,2,5,"40,590"
1542,1543,Murderous Pursuits,2,3,"149,224"
1543,1544,OVERKILL's The Walking Dead,2,4,"14,375"
1544,1545,Ring of Elysium,2,3,"63,435"
1545,1546,Vampire: The Masquerade - Bloodhunt,2,7,"29,475"
1546,1547,Headsnatchers,2,3,"23,574"
1547,1548,Realm Royale Reforged,2,4,"105,440"
1548,1549,Nya Nya Nya Girls (ʻʻʻ)_(=^･ω･^=)_(ʻʻʻ),2,6,"12,757"
1549,1550,DNF DUEL,2,8,"12,331"
1550,1551,GUNDAM EVOLUTION,2,9,"56,911"
1551,1552,Spectre Divide,2,8,"30,971"
1552,1553,REMATCH BETA TEST,2,4,"159,865"
1553,1554,Gothic 1 Remake - Demo (Nyras Prologue),2,11,"10,222"
1554,1555,Wet Passion,2,6,"37,733"
1555,1556,Loadout,1,6,"29,424"
1556,1557,Defiance,1,3,"12,690"
1557,1558,The Mighty Quest For Epic Loot,1,1,"16,492"
1558,1559,GunZ 2: The Second Duel,1,2,"10,441"
1559,1560,Free to Play,1,4,"53,002"
1560,1561,Grimm,1,4,"30,886"
1561,1562,Just Cause 2: Multiplayer Mod,1,7,"10,574"
1562,1563,Heli Heroes,1,2,"11,754"
1563,1564,Tumblestone,1,5,"13,239"
1564,1565,Loot Hero DX,1,2,"14,306"
1565,1566,Data Hacker: Initiation,1,3,"14,518"
1566,1567,TERA,1,2,"25,260"
1567,1568,The Dreamlord,1,3,"16,985"
1568,1569,ShipLord,1,4,"13,869"
1569,1570,Super Mustache,1,3,"11,227"
1570,1571,POLYWAR,1,2,"21,240"
1571,1572,Rabiez: Epidemic,1,3,"13,814"
1572,1573,ConflictCraft,1,2,"10,025"
1573,1574,Evolvation,1,2,"172,870"
1574,1575,MapleStory 2,1,2,"42,467"
1575,1576,- Arcane RERaise -,1,1,"10,122"
1576,1577,Two Worlds II HD - Call of the Tenebrae,1,2,"11,811"
1577,1578,Bless Online,1,1,"34,392"
1578,1579,BOOBS SAGA: Prepare To Hentai Edition,1,5,"11,930"
1579,1580,Devotion,1,3,"13,943"
1580,1581,Hentai Sweet Girls,1,15,"11,905"
1581,1582,SUPER PEOPLE,1,4,"47,392"
1582,1583,Hentai Furry,1,3,"20,153"
1583,1584,SUPERVIVE,1,7,"47,913"
1584,1585,Boundary,1,5,"24,840"
1585,1586,Hentai Furry 2,1,15,"11,495"
1586,1587,太荒初境,1,4,"36,315"
1587,1588,Visual Novel Sisters,1,1,"11,985"
1588,1589,Furry Killer,1,2,"31,000"
1589,1590,100 Aliens Cats,1,3,"14,154"
1590,1591,100 Space Cats,1,2,"14,146"
1591,1592,100 Korea Cats,1,3,"14,037"
1592,1593,Dragon Age II (Retired),0,1,"19,324"
1593,1594,Football Manager 2012 Demo,0,0,"17,196"
1594,1595,SteamDB Unknown App 203190,0,0,"22,001"
1595,1596,Trine 2 Demo,0,1,"12,862"
1596,1597,Dota 2 Test,0,0,"33,726"
1597,1598,Guns of Icarus Online,0,6,"107,883"
1598,1599,Blacklight: Retribution,0,2,"12,131"
1599,1600,Battle vs Chess,0,9,"11,353"
1600,1601,Dream Pinball 3D,0,1,"11,060"
1601,1602,"Hamlet or the last game without MMORPG features, shaders and product placement",0,1,"10,714"
1602,1603,Ace of Spades,0,2,"16,309"
1603,1604,Firefall,0,2,"13,397"
1604,1605,SteamDB Unknown App 243870,0,0,"21,777"
1605,1606,Nether,0,2,"10,930"
1606,1607,Dark Matter,0,0,"27,035"
1607,1608,Streamline,0,1,"10,513"
1608,1609,Chicken Shoot 2,0,2,"10,351"
1609,1610,SteamDB Unknown App 272350,0,0,"19,406"
1610,1611,Dark Shadows - Army of Evil,0,1,"39,883"
1611,1612,Just Survive,0,2,"40,335"
1612,1613,Outland,0,5,"16,166"
1613,1614,Forsaken Uprising,0,0,"15,299"
1614,1615,Data Hacker: Corruption,0,1,"20,258"
1615,1616,One Night,0,0,"11,607"
1616,1617,Yelaxot,0,1,"12,974"
1617,1618,KHOLAT,0,8,"272,019"
1618,1619,DOOM Open Beta,0,0,"19,692"
1619,1620,Atonement: Scourge of Time,0,2,"18,727"
1620,1621,Guardians of Victoria,0,3,"10,374"
1621,1622,Call of Duty: Black Ops III Beta,0,0,"32,020"
1622,1623,Incitement 3,0,0,"15,408"
1623,1624,Battleborn,0,2,"12,101"
1624,1625,Hyperdrive Massacre,0,2,"181,308"
1625,1626,Enigmoon,0,0,"13,753"
1626,1627,Unfortunate Spacemen,0,22,"11,823"
1627,1628,Warfront Defenders,0,0,"27,044"
1628,1629,The Extinction,0,0,"10,554"
1629,1630,Tom Clancy's The Division - Beta,0,0,"66,254"
1630,1631,RoBoRumble,0,2,"13,029"
1631,1632,Space Pilgrim Episode I: Alpha Centauri,0,1,"16,445"
1632,1633,The Culling,0,14,"12,995"
1633,1634,AI: Rampage,0,3,"14,532"
1634,1635,Riders of Icarus,0,1,"17,162"
1635,1636,Broken Dreams,0,3,"10,797"
1636,1637,TRAPPED,0,0,"61,109"
1637,1638,Drift (Over) Drive,0,1,"25,457"
1638,1639,Envoy 2,0,0,"244,375"
1639,1640,Starship: Nova Strike,0,1,"10,118"
1640,1641,30 IMPOSSIBLE LEVELS,0,1,"22,078"
1641,1642,Stash,0,0,"32,094"
1642,1643,Vianiato PopOut,0,0,"10,631"
1643,1644,Wyatt Derp 2: Peacekeeper,0,1,"11,750"
1644,1645,Winged Knights: Penetration,0,0,"10,800"
1645,1646,Withering Kingdom: Arcane War,0,1,"41,833"
1646,1647,The Divine Paradox,0,1,"12,118"
1647,1648,The God's Chain,0,1,"17,097"
1648,1649,Last Man Standing,0,1,"11,857"
1649,1650,ORBITAL,0,1,"11,882"
1650,1651,QUBIC,0,0,"12,260"
1651,1652,So Many Cubes,0,1,"13,382"
1652,1653,Joana's Life,0,1,"12,547"
1653,1654,Elems,0,0,"12,590"
1654,1655,Operation Breakout®,0,0,"10,734"
1655,1656,Steep Open Beta,0,0,"11,181"
1656,1657,Fairyland: Fairy Power,0,1,"11,571"
1657,1658,Danny's War,0,0,"10,216"
1658,1659,Western Adventure,0,2,"11,573"
1659,1660,Tomato Way,0,1,"12,550"
1660,1661,The Crypts of Anak Shaba - VR,0,0,"18,381"
1661,1662,Piximalism,0,0,"16,350"
1662,1663,For Honor Open Beta,0,0,"72,047"
1663,1664,Purgatory II,0,1,"27,211"
1664,1665,Blackwater Bayou VR,0,1,"39,010"
1665,1666,Tom Clancy's Ghost Recon Wildlands Open Beta,0,0,"33,114"
1666,1667,Skull Rush,0,0,"13,740"
1667,1668,Deadly Animal Duel,0,1,"28,967"
1668,1669,Archery Practice VR,0,0,"18,888"
1669,1670,Cat survival,0,0,"10,653"
1670,1671,Village Story,0,0,"12,507"
1671,1672,- Arcane preRaise -,0,2,"11,466"
1672,1673,EGOS - Tales of Fallen Souls,0,1,"14,034"
1673,1674,SoulWorker,0,1,"11,017"
1674,1675,Goodbye My King,0,1,"13,432"
1675,1676,Pixel Sketch,0,1,"14,105"
1676,1677,Cybercube,0,2,"15,394"
1677,1678,Call of Duty: WWII - PC Open Beta,0,0,"84,832"
1678,1679,Warhammer: Vermintide 2 Closed Test,0,0,"10,588"
1679,1680,Instant Death,0,14,"19,900"
1680,1681,Radical Heights,0,1,"12,757"
1681,1682,Glare1more,0,1,"35,059"
1682,1683,Black Desert (Retired),0,2,"14,584"
1683,1684,#Have A Sticker,0,0,"17,360"
1684,1685,The Cycle: Frontier,0,2,"40,854"
1685,1686,Hentai Memory,0,1,"10,925"
1686,1687,Hentai Shooter 3D,0,32,"11,995"
1687,1688,Hood: Outlaws & Legends,0,0,"11,536"
1688,1689,"Resident Evil 2 ""1-Shot Demo""",0,1,"10,811"
1689,1690,SYNCED,0,0,"10,272"
1690,1691,Cardinal Preview,0,0,"33,858"
1691,1692,Extreme Racing on Highway,0,3,"25,173"
1692,1693,Crucible,0,0,"25,145"
1693,1694,Elemental Girls,0,1,"28,636"
1694,1695,Hentai Bad Girls,0,5,"23,438"
1695,1696,Scavengers,0,1,"16,787"
1696,1697,New World Public Test Realm,0,1,"200,856"
1697,1698,Divine Knockout (DKO),0,2,"12,491"
1698,1699,Party Animals Demo,0,0,"135,843"
1699,1700,Marvel’s Avengers Beta,0,0,"18,908"
1700,1701,The Day Before,0,0,"38,104"
1701,1702,Anvil Empires - Massive Battle Stress Test,0,0,"12,014"
1702,1703,Back 4 Blood Beta,0,0,"122,659"
1703,1704,Party Animals Playtest,0,0,"36,571"
1704,1705,Swords of Legends Online,0,1,"18,806"
1705,1706,Project F,0,1,"18,920"
1706,1707,Bless Unleashed - Beta Test,0,0,"44,799"
1707,1708,NARAKA: BLADEPOINT Demo,0,0,"186,589"
1708,1709,Knockout City™ Cross-Play Beta,0,0,"12,931"
1709,1710,Paragon: The Overprime,0,1,"32,524"
1710,1711,Resident Evil Village Gameplay Demo,0,0,"18,263"
1711,1712,Knockout City™ Trial,0,0,"20,146"
1712,1713,NARAKA: BLADEPOINT Playtest,0,0,"148,931"
1713,1714,The Cycle Playtest,0,0,"15,919"
1714,1715,BattleBit Remastered Playtest,0,0,"32,383"
1715,1716,SUPER PEOPLE Testing Grounds,0,0,"54,670"
1716,1717,Battlefield™ 2042 Open Beta,0,0,"156,665"
1717,1718,MONSTER HUNTER RISE DEMO,0,0,"23,991"
1718,1719,Terra Nil Demo,0,0,"96,520"
1719,1720,Icarus Beta,0,0,"12,119"
1720,1721,ELYON,0,0,"15,541"
1721,1722,Warlander,0,1,"23,428"
1722,1723,MOBILE SUIT GUNDAM BATTLE OPERATION 2　 Network Test,0,0,"10,667"
1723,1724,New World: Aeternum Open Beta,0,0,"141,668"
1724,1725,Lost Ark Closed Technical Beta,0,0,"88,075"
1725,1726,Nobody - The Turnaround Demo,0,0,"45,157"
1726,1727,Paragon: The Overprime Final Test,0,0,"30,218"
1727,1728,GUNDAM EVOLUTION Playtest,0,0,"11,298"
1728,1729,Strinova Demo,0,0,"14,894"
1729,1730,Street Fighter™ 6 - Open Beta,0,0,"32,787"
1730,1731,VEILED EXPERTS FINAL BETA,0,0,"11,926"
1731,1732,弈仙牌 Demo,0,0,"10,182"
1732,1733,Sapiens Demo,0,0,"16,868"
1733,1734,Cult of the Lamb Demo,0,0,"17,740"
1734,1735,Terra Invicta Demo,0,0,"13,642"
1735,1736,The First Descendant Final Technical Test,0,0,"77,591"
1736,1737,Call of Duty®: Modern Warfare® II - Open Beta,0,0,"168,330"
1737,1738,THE FINALS PLAYTEST,0,0,"267,874"
1738,1739,Dark and Darker Playtest,0,0,"69,533"
1739,1740,Undecember Demo,0,0,"16,539"
1740,1741,Warhaven,0,0,"10,456"
1741,1742,Manor Lords Demo,0,0,"13,083"
1742,1743,The Outlast Trials Closed Beta,0,0,"16,179"
1743,1744,"Warhammer 40,000: Darktide Closed Beta",0,0,"45,576"
1744,1745,Dark and Darker Demo,0,0,"108,520"
1745,1746,Lies of P Demo,0,0,"15,761"
1746,1747,TEKKEN 8 Playtest,0,0,"15,035"
1747,1748,Asteroids ++,0,1,"14,467"
1748,1749,ARC Raiders Playtest,0,0,"189,668"
1749,1750,Throne and Liberty - Open Beta,0,0,"61,154"
1750,1751,Dungeonborne,0,2,"39,325"
1751,1752,Dungeonborne Playtest,0,0,"14,448"
1752,1753,PAYDAY 3 - Beta,0,0,"35,468"
1753,1754,Summum Aeterna: Prologue,0,1,"10,503"
1754,1755,Extremely Powerful Capybaras: Training Grounds,0,0,"10,060"
1755,1756,NAKWON: LAST PARADISE Playtest,0,0,"37,468"
1756,1757,Granblue Fantasy Versus: Rising Playtest,0,0,"10,579"
1757,1758,Broken Arrow Playtest,0,0,"16,570"
1758,1759,Dungeonborne Demo,0,0,"19,091"
1759,1760,Delta Force Alpha Test,0,0,"21,806"
1760,1761,偏差者 Demo,0,0,"12,319"
1761,1762,SMITE 2 - Public Test,0,2,"15,919"
1762,1763,100 Romantic Cats,0,4,"15,018"
1763,1764,100 Istanbul Cats,0,2,"11,585"
1764,1765,Mecha BREAK Demo,0,0,"317,522"
1765,1766,Spectre Divide Playtest,0,0,"21,171"
1766,1767,Marvel Rivals Playtest,0,1,"52,671"
1767,1768,FragPunk Playtest,0,0,"22,331"
1768,1769,Clickout,0,0,"13,236"
1769,1770,Delta Force Demo,0,1,"39,770"
1770,1771,Once Human Demo,0,0,"19,487"
1771,1772,Sand Playtest,0,0,"12,552"
1772,1773,Mecha BREAK Playtest,0,0,"51,382"
1773,1774,Monster Hunter Wilds Beta test,0,0,"463,798"
1774,1775,Battlefield™ 6 Open Beta,0,0,"521,079"
1775,1776,inZOI: Creative Studio,0,1,"18,657"
1776,1777,Lust in Space 🔞🪐,0,1,"10,000"
1777,1778,SUPERVIVE Demo,0,0,"16,887"
1778,1779,Fellowship Playtest,0,0,"18,609"
1779,1780,POPUCOM Demo,0,0,"14,271"
1780,1781,Chrono Odyssey Playtest,0,0,"65,752"
1781,1782,Monster Hunter Wilds Benchmark,0,1,"48,931"
1782,1783,Fellowship Demo,0,0,"16,721"
1783,1784,Quarantine Zone: The Last Check Demo,0,0,"17,100"
1784,1785,Killing Floor 3 Playtest,0,0,"12,866"
1785,1786,Among Us 3D Demo,0,0,"11,234"
1786,1787,Vindictus: Defying Fate Demo,0,0,"40,911"
1787,1788,Sonic Racing: CrossWorlds Open Network Test,0,0,"18,094"
1788,1789,Dune: Awakening Beta Weekend,0,0,"37,889"
1789,1790,Wildgate - Open Beta,0,0,"14,575"
1790,1791,Hell Let Loose Vietnam: Playtest,0,0,"24,331"
1791,1792,Drakantos Playtest,0,0,"12,036"
1792,1793,Ashes of Creation,0,2,"31,882"
1793,1794,BidKing Demo,0,0,"23,629"
1794,1795,Marathon Server Slam,0,0,"143,621"
1795,1796,Mistfall Hunter Demo,0,0,"16,683"
1796,1797,Windrose Demo,0,0,"22,396"
1797,1798,Burglin' Gnomes Demo,0,0,"33,796"
1798,1799,BOMBANANA! Demo,0,1,"40,119"
1799,1800,Call of Duty®: Modern Warfare® 4 - Beta,0,0,"115,145"
1800,1801,WARDOGS Playtest,0,11,"245,118"
1801,1802,MARVEL Tōkon: Fighting Souls OPEN BETA,0,0,"33,233"
