,Rank,Name,Discount Percentage,Game Price,Game Rate,Release Date,Followes,Reviews,Peak
0,82,Black Myth: Wukong,N/A,$59.99,95.80%,Aug 2024,"1,467,589","1,211,637","2,415,714"
1,476,Palworld,N/A,$14.99,93.70%,Jul 2026,"667,595","488,153","2,101,867"
2,959,ELDEN RING,N/A,$39.99,92.40%,Feb 2022,"1,182,523","1,155,191","953,426"
3,62,Baldur's Gate 3,-30%,$24.49,96.02%,Aug 2023,"1,016,911","857,837","875,343"
4,680,Valheim,N/A,$14.99,93.08%,Sep 2026,"531,727","548,031","502,387"
5,13,Terraria,N/A,$5.79,96.73%,May 2011,"960,834","1,556,019","489,886"
6,14,Schedule I,N/A,$10.49,96.73%,Mar 2025,"277,727","316,352","459,075"
7,555,How to Fish,N/A,$3.99,93.46%,Aug 2026,"64,152","63,833","373,971"
8,223,Resident Evil Requiem,-30%,$36.74,94.76%,Feb 2026,"264,276","184,853","344,214"
9,37,Counter-Strike,N/A,$5.79,96.30%,Nov 2000,"231,874","261,777","319,586"
10,16,DELTARUNE,N/A,$12.49,96.71%,Jun 2025,"207,028","136,068","291,816"
11,434,The Elder Scrolls V: Skyrim,N/A,$11.99,93.81%,Nov 2011,"310,064","317,873","287,411"
12,171,R.E.P.O.,-35%,$3.24,95.07%,Feb 2025,"331,457","424,495","271,571"
13,109,Split Fiction,-35%,$32.49,95.56%,Mar 2025,"224,652","127,018","259,003"
14,778,Kingdom Come: Deliverance II,N/A,$44.99,92.81%,Feb 2025,"339,711","195,799","256,206"
15,59,Lethal Company,N/A,$5.79,96.06%,Oct 2023,"327,530","510,919","240,817"
16,2,Stardew Valley,N/A,$5.99,97.73%,Feb 2016,"1,101,097","1,038,978","236,614"
17,39,Dispatch,-20%,$11.99,96.28%,Oct 2025,"229,501","185,063","220,060"
18,864,Content Warning,N/A,$3.99,92.62%,Apr 2024,"110,008","163,456","204,439"
19,158,Bongo Cat,N/A,Free,95.16%,Mar 2025,"936,107","110,849","194,508"
20,994,Stellar Blade™,N/A,$59.99,92.31%,Jun 2025,"237,495","94,543","192,078"
21,48,Satisfactory,N/A,$18.99,96.18%,Sep 2024,"415,835","279,578","186,158"
22,530,PEAK,N/A,$3.99,93.52%,Jun 2025,"198,612","372,461","170,759"
23,41,Resident Evil 4,-75%,$7.49,96.27%,Mar 2023,"322,881","277,099","168,191"
24,10,Left 4 Dead 2,N/A,$5.79,96.79%,Nov 2009,"1,318,902","1,058,544","162,399"
25,71,The Binding of Isaac: Rebirth,N/A,$14.99,95.93%,Nov 2014,"456,201","455,807","156,156"
26,9,Wallpaper Engine,N/A,$2.99,96.82%,Nov 2018,"1,523,286","1,016,689","150,375"
27,348,Clair Obscur: Expedition 33,-20%,$27.99,94.21%,Apr 2025,"315,952","278,885","145,063"
28,554,DARK SOULS™ III,N/A,$39.99,93.46%,Apr 2016,"648,771","440,048","129,975"
29,527,Human Fall Flat,-70%,$3.14,93.53%,Jul 2016,"584,235","226,908","127,517"
30,332,Sekiro™: Shadows Die Twice - GOTY Edition,N/A,$59.99,94.29%,Mar 2019,"646,488","355,861","125,315"
31,736,Project Zomboid,N/A,$12.49,92.92%,Nov 2013,"618,716","481,840","124,995"
32,375,Don't Starve Together,N/A,$6.59,94.07%,Apr 2016,"768,580","543,308","122,662"
33,58,Factorio,N/A,$17.00,96.07%,Aug 2020,"415,287","239,404","118,674"
34,710,Megabonk,N/A,$5.79,92.98%,Sep 2025,"75,651","106,421","117,336"
35,317,Hades II,N/A,$14.99,94.38%,Sep 2025,"291,841","123,533","112,947"
36,491,Phasmophobia,N/A,$9.49,93.64%,Sep 2020,"457,987","839,654","112,717"
37,234,The Forest,N/A,$10.49,94.73%,Apr 2018,"805,458","682,820","109,397"
38,316,Resident Evil Village,-75%,$7.49,94.38%,May 2021,"206,582","154,064","106,631"
39,123,The Witcher 3: Wild Hunt - Complete Edition,N/A,$34.99,95.41%,May 2015,"1,043,017","899,011","103,329"
40,165,Counter-Strike: Source,N/A,$5.79,95.11%,Nov 2004,"444,310","193,299","100,056"
41,144,DAVE THE DIVER,N/A,$12.99,95.23%,Jun 2023,"250,614","162,460","98,480"
42,1,Portal 2,N/A,$5.79,97.75%,Apr 2011,"359,861","466,920","98,460"
43,15,RimWorld,-20%,$14.39,96.71%,Oct 2018,"647,196","246,449","96,040"
44,60,Hollow Knight,N/A,$5.99,96.05%,Feb 2017,"462,696","561,688","95,655"
45,297,Divinity: Original Sin 2 - Definitive Edition,-82%,$6.14,94.49%,Sep 2017,"503,154","206,090","93,701"
46,300,Sid Meier's Civilization® V,-75%,$7.49,94.47%,Sep 2010,"188,718","210,866","91,363"
47,847,House Flipper,-90%,$1.49,92.65%,May 2018,"273,598","111,886","90,666"
48,193,Tomb Raider Game of the Year,N/A,$9.99,94.95%,Mar 2013,"209,845","270,401","89,538"
49,213,Devil May Cry 5,N/A,$22.49,94.81%,Mar 2019,"324,015","170,787","88,894"
50,29,VPet-Simulator,N/A,Free,96.45%,Aug 2023,"61,473","51,824","85,551"
51,51,tModLoader,N/A,Free,96.14%,May 2020,"24,853","382,362","79,101"
52,564,Little Nightmares,N/A,$12.99,93.42%,Apr 2017,"200,756","116,607","78,169"
53,890,Ghost of Tsushima DIRECTOR'S CUT,N/A,$59.99,92.56%,May 2024,"217,750","96,601","77,154"
54,5,Vampire Survivors,N/A,$3.49,97.19%,Oct 2022,"148,332","265,779","77,061"
55,749,Risk of Rain 2,N/A,$12.49,92.89%,Aug 2020,"354,467","352,999","75,406"
56,78,Resident Evil 2,-80%,$5.99,95.89%,Jan 2019,"321,865","222,966","74,227"
57,22,Euro Truck Simulator 2,N/A,$10.09,96.56%,Oct 2012,"1,384,269","977,902","73,887"
58,46,Garry's Mod,-50%,$2.89,96.19%,Nov 2006,"822,378","1,265,564","73,863"
59,228,God of War,N/A,$49.99,94.75%,Jan 2022,"299,166","184,838","73,529"
60,44,ULTRAKILL,N/A,$7.19,96.23%,Sep 2020,"148,351","243,717","71,785"
61,315,It Takes Two,-70%,$11.99,94.38%,Mar 2021,"561,261","269,887","71,039"
62,216,PRAGMATA,-20%,$35.99,94.79%,Apr 2026,"172,199","53,075","68,687"
63,145,Counter-Strike:Global Offensive,N/A,Free,95.22%,Aug 2012,"30,920","66,257","68,231"
64,196,Cookie Clicker,N/A,$2.99,94.94%,Sep 2021,"27,018","93,242","67,867"
65,235,Marvel’s Spider-Man Remastered,N/A,$59.99,94.73%,Aug 2022,"209,133","143,546","66,436"
66,25,Half-Life 2,N/A,$5.79,96.51%,Nov 2004,"106,557","279,488","64,085"
67,67,Stray,N/A,$13.99,95.97%,Jul 2022,"380,702","178,333","62,963"
68,277,Cult of the Lamb,N/A,$12.49,94.57%,Aug 2022,"273,221","129,749","61,780"
69,870,Alien Swarm,N/A,Free,92.61%,Jul 2010,"87,727","21,628","60,467"
70,76,Dyson Sphere Program,N/A,$19.99,95.90%,Jan 2021,"253,216","91,727","59,815"
71,711,Farming Simulator 19,N/A,$8.99,92.98%,Nov 2018,"158,509","76,350","59,466"
72,668,DEATH STRANDING 2: ON THE BEACH,N/A,$69.99,93.12%,Mar 2026,"78,345","27,479","57,682"
73,64,Slay the Spire,-75%,$2.87,96.00%,Jan 2019,"240,974","220,340","57,025"
74,7,Hades,N/A,$8.25,96.93%,Sep 2020,"308,009","308,636","54,240"
75,53,Deep Rock Galactic,-70%,$4.49,96.13%,May 2020,"2,862,082","380,041","54,160"
76,45,Bloons TD 6,N/A,$7.79,96.21%,Dec 2018,"102,817","395,241","53,943"
77,237,TCG Card Shop Simulator,-15%,$9.34,94.72%,Sep 2026,"77,189","49,600","53,453"
78,54,Subnautica,N/A,$20.99,96.11%,Jan 2018,"646,599","380,370","51,446"
79,200,Fallout: New Vegas,N/A,$5.99,94.91%,Oct 2010,"188,296","261,781","51,038"
80,728,Supermarket Together,N/A,Free,92.94%,Aug 2024,"75,354","99,242","47,836"
81,43,BeamNG.drive,N/A,$12.49,96.24%,May 2015,"486,174","418,972","47,424"
82,513,Far Far West,N/A,$12.99,93.58%,Apr 2026,"93,330","38,141","47,256"
83,422,Big Walk,N/A,$10.99,93.87%,Aug 2026,"75,801","36,104","46,409"
84,6,HoloCure - Save the Fans!,N/A,Free,96.99%,Aug 2023,"36,359","40,760","46,155"
85,335,Dying Light,-80%,$3.60,94.28%,Jan 2015,"751,779","501,473","45,876"
86,438,Vampire Crawlers: The Turbo Wildcard from Vampire Survivors,N/A,$4.99,93.80%,Apr 2026,"43,724","19,232","45,686"
87,806,Persona 3 Reload,N/A,$59.99,92.76%,Feb 2024,"115,144","63,632","45,002"
88,717,Rise of the Tomb Raider™,N/A,$14.99,92.97%,Feb 2016,"402,144","156,148","44,588"
89,312,DOOM,N/A,$11.99,94.39%,May 2016,"337,918","221,879","44,271"
90,19,Balatro,N/A,$7.99,96.62%,Feb 2024,"113,920","198,644","43,905"
91,11,Half-Life: Alyx,-75%,$6.74,96.77%,Mar 2020,"257,752","105,292","42,858"
92,285,Soundpad,N/A,$2.99,94.54%,Nov 2016,"57,352","104,424","40,096"
93,183,Fields of Mistria,N/A,$7.79,95.02%,Aug 2026,"145,736","34,879","39,233"
94,278,Brotato,-40%,$1.79,94.57%,Jun 2023,"91,134","118,867","38,905"
95,460,Age of Empires II: Definitive Edition,N/A,$19.99,93.75%,Nov 2019,"295,690","182,449","38,725"
96,718,Tabletop Simulator,N/A,$10.49,92.97%,Jun 2015,"235,712","77,643","37,198"
97,590,Schedule I: Free Sample,N/A,Free,93.34%,Dec 2024,—,"12,753","36,145"
98,175,Persona 5 Royal,N/A,$59.99,95.05%,Oct 2022,"163,445","139,731","35,474"
99,632,BALL x PIT,N/A,$7.99,93.21%,Oct 2025,"45,255","27,196","35,402"
100,69,South Park™: The Stick of Truth™,N/A,$23.99,95.94%,Mar 2014,"121,926","73,461","34,811"
101,149,Ori and the Will of the Wisps,N/A,$29.99,95.20%,Mar 2020,"203,510","146,329","34,807"
102,489,OBS Studio,N/A,Free,93.65%,Jul 2014,"49,215","57,339","34,458"
103,389,Saints Row: The Third,N/A,$7.99,94.01%,Nov 2011,"72,382","69,715","34,371"
104,143,Half-Life,N/A,$5.79,95.24%,Nov 1998,"68,707","164,175","33,471"
105,696,LEGO® Batman™: Legacy of the Dark Knight,N/A,$69.99,93.03%,May 2026,"66,295","13,701","33,456"
106,28,Mount & Blade: Warband,N/A,$7.99,96.45%,Mar 2010,"193,174","172,187","33,054"
107,72,Volcano Princess,-35%,$3.89,95.93%,Apr 2023,"74,306","49,145","31,057"
108,224,Left 4 Dead,N/A,$5.79,94.76%,Nov 2008,"348,964","68,192","30,616"
109,114,Persona 4 Golden,N/A,$19.99,95.51%,Jun 2020,"99,926","87,409","29,984"
110,526,Glass Masquerade,N/A,$2.99,93.54%,Nov 2016,"7,562","7,072","29,689"
111,960,Librarian: Tidy Up the Arcane Library!,N/A,$3.99,92.40%,Apr 2026,"35,168","25,772","29,469"
112,364,Abiotic Factor,N/A,$17.99,94.11%,Jul 2025,"136,799","59,142","29,278"
113,154,Servant of the Lake,N/A,$4.99,95.19%,Aug 2026,"16,903","7,386","28,533"
114,303,The Planet Crafter,N/A,$11.99,94.45%,Apr 2024,"183,094","73,981","28,416"
115,799,Dwarf Fortress,N/A,$14.49,92.77%,Dec 2022,"197,029","31,513","28,340"
116,309,Age of Empires II (Retired),N/A,$9.99,94.41%,Apr 2013,"188,931","102,880","27,927"
117,270,Titanfall® 2,-85%,$4.49,94.61%,Oct 2016,"234,781","286,302","27,631"
118,124,Oxygen Not Included,N/A,$7.99,95.41%,Jul 2019,"417,705","143,941","27,486"
119,597,Halls of Torment,-25%,$3.74,93.33%,Sep 2024,"35,377","31,863","26,061"
120,138,Detroit: Become Human,N/A,$31.99,95.28%,Jun 2020,"244,118","262,844","25,615"
121,400,Timberborn,-30%,$12.59,93.97%,Mar 2026,"183,231","41,913","25,234"
122,606,Killing Floor,N/A,$19.99,93.30%,May 2009,"113,668","69,363","24,107"
123,91,WEBFISHING,N/A,$2.99,95.68%,Oct 2024,"35,435","70,434","24,085"
124,32,MiSide,-20%,$6.39,96.41%,Dec 2024,"142,114","142,454","23,741"
125,694,SILENT HILL 2,-60%,$13.19,93.03%,Oct 2024,"139,119","64,999","23,676"
126,327,Kerbal Space Program,N/A,$19.99,94.33%,Apr 2015,"302,850","147,006","23,482"
127,989,BOMBANANA!,N/A,$3.99,92.32%,Sep 2026,"29,310","2,476","22,936"
128,676,Wandering Sword,-30%,$17.49,93.09%,Sep 2023,"89,924","45,445","22,824"
129,431,Car Mechanic Simulator 2021,N/A,$12.49,93.82%,Aug 2021,"100,163","38,700","22,561"
130,792,Slime Rancher 2,-40%,$7.49,92.78%,Sep 2025,"158,636","50,074","21,524"
131,366,Rusty's Retirement,N/A,$3.99,94.11%,Apr 2024,"28,100","14,859","20,876"
132,4,Portal,N/A,$5.79,97.29%,Oct 2007,"149,947","199,275","20,672"
133,399,Resident Evil 7 Biohazard,-60%,$5.99,93.97%,Jan 2017,"235,697","126,921","20,449"
134,444,Buckshot Roulette,N/A,$1.49,93.79%,Apr 2024,"82,948","126,106","20,226"
135,56,Dishonored,N/A,$5.99,96.09%,Oct 2012,"96,057","88,309","19,938"
136,884,Barotrauma,-50%,$8.99,92.59%,Mar 2023,"157,351","89,785","19,655"
137,915,ReStory: Chill Electronics Repairs,N/A,$9.99,92.49%,Aug 2026,"47,628","10,226","19,647"
138,775,Two Point Museum,N/A,$24.99,92.82%,Mar 2025,"61,256","13,450","19,439"
139,512,FTL: Faster Than Light,-80%,$1.15,93.58%,Sep 2012,"64,741","78,761","19,301"
140,96,American Truck Simulator,N/A,$10.09,95.64%,Feb 2016,"510,139","198,558","19,153"
141,182,Cuphead,N/A,$19.99,95.02%,Sep 2017,"363,884","221,368","19,026"
142,852,Hotline Miami 2: Wrong Number,N/A,$7.99,92.64%,Mar 2015,"85,684","80,247","18,950"
143,318,shapez 2 - Factory,-50%,$5.49,94.38%,Apr 2026,"56,858","15,271","18,806"
144,279,The Walking Dead: Season Two,N/A,$7.99,94.57%,Dec 2013,"42,183","34,036","18,627"
145,909,Monster Train 2,N/A,$12.49,92.51%,May 2025,"24,921","10,170","18,503"
146,180,Life is Strange - Episode 1,N/A,Free,95.03%,Jan 2015,"262,834","176,041","18,260"
147,853,Plague Inc: Evolved,N/A,$7.99,92.64%,Feb 2016,"222,957","65,888","17,889"
148,163,IRON NEST: Heavy Turret Simulator,N/A,$9.99,95.12%,Aug 2026,"67,633","13,856","17,599"
149,112,Inscryption,N/A,$10.49,95.52%,Oct 2021,"131,535","148,586","17,072"
150,17,Slime Rancher,-75%,$2.24,96.70%,Aug 2017,"262,138","157,325","17,059"
151,3,People Playground,N/A,$5.79,97.37%,Jul 2019,"102,722","318,114","17,015"
152,160,Don't Starve,N/A,$3.29,95.14%,Apr 2013,"219,955","113,498","16,796"
153,296,Blender,N/A,Free,94.50%,Jan 1994,"114,816","91,561","16,774"
154,33,Plants vs. Zombies GOTY Edition,N/A,$4.99,96.40%,May 2009,"125,822","155,967","16,225"
155,208,Castle Crashers®,N/A,$6.29,94.88%,Sep 2012,"216,598","140,802","16,013"
156,382,Ultimate Chicken Horse,N/A,$6.99,94.04%,Mar 2016,"126,918","53,568","15,874"
157,492,Enter the Gungeon,N/A,$7.99,93.64%,Apr 2016,"162,707","89,878","15,792"
158,241,The Murder of Sonic the Hedgehog,N/A,Free,94.71%,Mar 2023,"10,902","25,233","15,543"
159,90,20 Small Mazes,N/A,Free,95.70%,Feb 2024,"1,121","9,275","15,492"
160,282,Teardown,N/A,$19.99,94.55%,Apr 2022,"231,038","136,158","15,172"
161,83,Dead Cells,-50%,$6.24,95.80%,Aug 2018,"407,528","183,489","14,910"
162,106,IRON NEST: Heavy Turret Simulator Demo,N/A,Free,95.58%,Jun 2026,—,"7,767","14,827"
163,111,BattleBlock Theater®,N/A,$6.29,95.55%,May 2014,"144,033","72,906","14,781"
164,387,Touhou Koumakyou: New Classic - the Embodiment of Scarlet Devil,N/A,$9.95,94.03%,Sep 2026,"14,019","3,768","14,634"
165,74,The Wolf Among Us,N/A,$7.99,95.91%,Oct 2013,"49,307","40,276","14,321"
166,313,Sora no Kiseki the 1st,-50%,$22.49,94.39%,Sep 2025,"20,948","9,648","14,295"
167,246,PowerWash Simulator,N/A,$19.99,94.69%,Jul 2022,"88,892","58,776","14,178"
168,702,ENDER MAGNOLIA: Bloom in the Mist,N/A,$12.49,93.01%,Jan 2025,"43,302","18,809","14,134"
169,499,Monster Train,-80%,$2.49,93.62%,May 2020,"36,252","22,969","14,073"
170,860,Like a Dragon Gaiden: The Man Who Erased His Name,N/A,$49.99,92.63%,Nov 2023,"37,248","12,712","13,737"
171,26,Totally Accurate Battle Simulator,N/A,$8.99,96.51%,Apr 2021,"359,962","154,128","13,674"
172,63,Crime Scene Cleaner,N/A,$12.99,96.02%,Aug 2024,"81,746","34,402","13,577"
173,360,100 Asian Cats,N/A,Free,94.13%,Dec 2023,"5,002","8,596","13,382"
174,447,Waterpark Simulator,N/A,$6.59,93.78%,Jul 2026,"28,394","14,194","13,126"
175,888,Against the Storm,N/A,$14.99,92.57%,Dec 2023,"133,142","37,506","12,832"
176,516,Magical Princess,-20%,$6.84,93.57%,Apr 2026,"17,938","8,186","12,789"
177,358,DREDGE,N/A,$12.49,94.14%,Mar 2023,"144,388","56,978","12,686"
178,698,The Binding of Isaac,N/A,$3.77,93.02%,Sep 2011,"66,755","62,904","12,575"
179,506,Sandustry,N/A,$7.99,93.60%,Aug 2026,"20,098","4,999","12,551"
180,831,PlateUp!,-29%,$7.87,92.68%,Aug 2022,"43,924","27,184","12,460"
181,274,Winter Memories,-30%,$1.40,94.58%,Jan 2024,"52,167","10,637","12,403"
182,283,METAL GEAR RISING: REVENGEANCE,N/A,$14.99,94.55%,Jan 2014,"71,398","89,014","12,205"
183,87,The Walking Dead,N/A,$7.99,95.75%,Apr 2012,"64,855","80,610","12,114"
184,789,Retro Rewind - Video Store Simulator,N/A,$10.49,92.79%,Mar 2026,"26,408","10,476","12,081"
185,948,BlazBlue Entropy Effect,N/A,$10.49,92.43%,Feb 2024,"87,712","36,439","11,918"
186,659,Call of Juarez: Gunslinger,-80%,$1.99,93.15%,May 2013,"43,747","44,298","11,902"
187,161,Outlast,N/A,$7.99,95.13%,Sep 2013,"127,005","138,872","11,827"
188,637,Spiritfarer®: Farewell Edition,N/A,$14.49,93.20%,Aug 2020,"120,844","53,357","11,726"
189,344,Kenshi,N/A,$14.99,94.23%,Dec 2018,"304,456","116,710","11,654"
190,655,Ultimate Custom Night,N/A,Free,93.16%,Jun 2018,"51,476","62,843","11,320"
191,562,Besiege,N/A,$7.99,93.43%,Feb 2020,"285,012","53,281","11,206"
192,115,Undertale,-75%,$2.49,95.50%,Sep 2015,"398,170","341,394","11,071"
193,487,WorldBox - God Simulator,N/A,$10.49,93.66%,Dec 2021,"198,894","56,786","11,034"
194,34,ENA: Dream BBQ,N/A,Free,96.40%,Mar 2025,"66,466","37,292","10,988"
195,567,The Jackbox Party Pack 3,N/A,$12.49,93.42%,Oct 2016,"17,828","6,671","10,972"
196,379,Danganronpa: Trigger Happy Havoc,-90%,$1.04,94.05%,Feb 2016,"77,542","38,542","10,958"
197,289,ATLYSS,N/A,$5.79,94.53%,Nov 2024,"51,990","23,036","10,803"
198,173,Tiny Glade,N/A,$7.99,95.06%,Sep 2024,"189,465","24,628","10,692"
199,803,The Jackbox Party Pack 7,N/A,$14.99,92.77%,Oct 2020,"14,526","4,956","10,599"
200,466,Enigma of Fear,N/A,$12.49,93.72%,Nov 2024,"36,427","10,277","10,542"
201,116,Chill with You : Lo-Fi Story,-25%,$4.94,95.50%,Nov 2025,"31,583","12,651","10,509"
202,146,Wobbly Life,N/A,$12.06,95.22%,Sep 2025,"42,270","36,005","10,421"
203,377,Mini Motorways,N/A,$5.79,94.06%,Jul 2021,"38,752","24,429","9,914"
204,212,Blade and Sorcery,-20%,$11.59,94.82%,Jun 2024,"89,010","62,211","9,509"
205,378,Arrow a Row,N/A,Free,94.06%,Aug 2023,"3,476","17,216","9,404"
206,819,Alien Swarm: Reactive Drop,N/A,Free,92.73%,Apr 2017,"97,952","23,805","9,335"
207,848,A Dance of Fire and Ice,N/A,$3.59,92.65%,Jan 2019,"82,659","83,731","9,330"
208,89,The Chronicles Of Myrtana: Archolos,N/A,Free,95.70%,Dec 2021,"21,169","17,617","9,328"
209,480,Noita,N/A,$19.99,93.67%,Oct 2020,"184,279","88,809","9,256"
210,729,Mini Cozy Room: Lo-Fi,-40%,$1.79,92.94%,Mar 2025,"7,695","3,724","9,093"
211,542,Ori and the Blind Forest: Definitive Edition,N/A,$19.99,93.49%,Apr 2016,"123,248","71,558","9,079"
212,20,Pizza Tower,N/A,$10.49,96.62%,Jan 2023,"57,313","72,712","9,074"
213,913,METAL GEAR SOLID 4: Guns of the Patriots - Master Collection Version,N/A,$25.49,92.50%,Aug 2026,"6,332","3,083","8,988"
214,415,Yakuza 0,N/A,—,93.90%,Aug 2018,"88,116","77,790","8,985"
215,214,东北之夏,N/A,Free,94.80%,Jan 2023,"12,234","12,162","8,672"
216,201,Doki Doki Literature Club Plus!,N/A,$11.24,94.91%,Jun 2021,"76,176","32,330","8,662"
217,290,Magical Girl Witch Trials,N/A,$14.99,94.52%,Jul 2025,"46,985","34,298","8,653"
218,85,Crab Champions,N/A,$9.99,95.77%,Apr 2023,"45,699","31,164","8,564"
219,472,Total War: MEDIEVAL II – Definitive Edition,N/A,$14.99,93.71%,Nov 2006,"38,047","36,475","8,453"
220,339,Dead as Disco,N/A,$12.49,94.25%,May 2026,"70,133","14,075","8,413"
221,202,Underground Blossom,N/A,$4.99,94.90%,Sep 2023,"9,967","7,060","8,368"
222,320,Mirror,N/A,$1.99,94.37%,Apr 2018,"148,571","84,719","8,250"
223,879,FINAL FANTASY IX,N/A,$16.99,92.60%,Apr 2016,"79,948","14,337","8,229"
224,141,Bomb Rush Cyberfunk,N/A,$12.99,95.26%,Aug 2023,"49,466","15,688","8,174"
225,449,Bills Must Be Paid,-20%,$3.75,93.78%,Jul 2026,"6,216","9,753","8,143"
226,525,ANIMAL WELL,N/A,$11.49,93.54%,May 2024,"58,547","24,614","8,133"
227,750,Contraband Police,N/A,$14.99,92.89%,Mar 2023,"95,852","25,773","8,124"
228,983,Wildermyth,-35%,$8.11,92.33%,Jun 2021,"85,873","18,257","8,106"
229,732,NGU IDLE,N/A,Free,92.93%,Oct 2019,"4,968","12,983","8,032"
230,825,Library Of Ruina,N/A,$29.99,92.71%,Aug 2021,"92,646","45,091","8,015"
231,349,Outer Wilds,N/A,$12.99,94.21%,Jun 2020,"184,856","108,007","7,936"
232,869,Lobotomy Corporation | Monster Management Simulation,N/A,$24.99,92.61%,Apr 2018,"141,829","57,111","7,928"
233,508,My Summer Car,N/A,$3.59,93.59%,Jan 2025,"143,948","117,644","7,897"
234,396,SONIC X SHADOW GENERATIONS,N/A,$49.99,93.99%,Oct 2024,"35,122","15,613","7,894"
235,691,ASTLIBRA Revision,-30%,$8.74,93.05%,Oct 2022,"49,555","31,799","7,828"
236,245,The Walking Dead: The Telltale Definitive Series,N/A,$22.99,94.70%,Oct 2020,"38,164","47,219","7,820"
237,55,Celeste,N/A,$9.49,96.09%,Jan 2018,"114,624","147,330","7,782"
238,575,Game Dev Tycoon,N/A,$4.49,93.39%,Aug 2013,"62,679","45,120","7,761"
239,401,Unheard - Voices of Crime,-60%,$1.59,93.97%,Mar 2019,"81,024","33,974","7,754"
240,129,SANABI,-35%,$9.74,95.36%,Nov 2023,"34,061","45,135","7,663"
241,855,Defense Grid: The Awakening,N/A,$9.99,92.64%,Dec 2008,"8,220","5,374","7,534"
242,357,Portal: Revolution,N/A,Free,94.15%,Jan 2024,"27,589","30,487","7,483"
243,873,The Farmer Was Replaced,-20%,$4.63,92.61%,Oct 2025,"46,074","9,431","7,436"
244,132,Doki Doki Literature Club!,N/A,Free,95.35%,Sep 2017,"170,785","227,914","7,402"
245,18,Aseprite,N/A,$10.99,96.67%,Feb 2016,"57,115","26,925","7,357"
246,65,A Hat in Time,N/A,$14.99,95.99%,Oct 2017,"96,161","53,459","7,312"
247,678,Psychonauts 2,N/A,$59.99,93.09%,Aug 2021,"40,564","14,481","7,262"
248,976,The Talos Principle 2,N/A,$14.99,92.35%,Nov 2023,"30,276","13,414","7,258"
249,561,Batman: Arkham City,N/A,—,93.44%,Nov 2011,"1,897","2,150","7,162"
250,477,Black Mesa,N/A,$10.49,93.70%,Mar 2020,"262,985","144,852","7,158"
251,565,My Friend Pedro,N/A,$10.49,93.42%,Jun 2019,"80,613","28,489","7,117"
252,342,Dorfromantik,N/A,$13.99,94.24%,Apr 2022,"75,047","29,617","7,101"
253,724,Five Nights at Freddy's: Into the Pit,N/A,$10.49,92.95%,Aug 2024,"30,484","10,961","6,995"
254,925,Birdwatching Notebook,N/A,$6.29,92.48%,May 2026,"7,137","1,731","6,983"
255,119,Hotline Miami,N/A,$5.79,95.47%,Oct 2012,"59,351","128,255","6,878"
256,264,Batman: Arkham City - Game of the Year Edition,N/A,$19.99,94.63%,Sep 2012,"54,387","78,248","6,871"
257,210,Batman: Arkham Asylum Game of the Year Edition,N/A,$19.99,94.86%,Mar 2010,"38,084","87,603","6,739"
258,416,Thronefall,N/A,$7.29,93.90%,Oct 2024,"86,671","23,692","6,723"
259,837,Nine Sols,N/A,$14.99,92.67%,May 2024,"96,834","45,617","6,568"
260,38,Helltaker,N/A,Free,96.29%,May 2020,"99,690","128,151","6,509"
261,603,The Elder Scrolls IV: Oblivion® Game of the Year Edition (2009),N/A,$8.99,93.31%,Sep 2007,"80,848","53,046","6,390"
262,912,CARRION,N/A,$10.49,92.50%,Jul 2020,"84,904","35,922","6,347"
263,194,Hi-Fi RUSH,N/A,$17.99,94.95%,Jan 2023,"79,556","35,956","6,132"
264,88,"Papers, Please",N/A,$5.79,95.72%,Aug 2013,"123,454","80,525","6,129"
265,386,Desperados III,N/A,$18.99,94.03%,Jun 2020,"82,438","16,633","6,057"
266,765,Orcs Must Die!,N/A,$5.79,92.84%,Oct 2011,"11,258","8,525","6,000"
267,740,AudioSurf,N/A,$5.79,92.92%,Feb 2008,"14,538","11,107","5,977"
268,494,LEGO® Marvel™ Super Heroes,N/A,$19.99,93.64%,Oct 2013,"31,043","31,384","5,953"
269,569,Door Kickers 2: Task Force North,N/A,$12.49,93.41%,Feb 2025,"70,515","13,615","5,949"
270,439,Tower Wizard,N/A,$1.99,93.80%,Jun 2025,"9,195","8,933","5,772"
271,81,STAR WARS™ Empire at War - Gold Pack,N/A,$10.49,95.81%,Feb 2006,"77,008","43,203","5,716"
272,599,Being a DIK - Season 1,N/A,$8.09,93.32%,Feb 2020,"57,811","11,858","5,709"
273,543,Valiant Hearts: The Great War™ / Soldats Inconnus : Mémoires de la Grande Guerre™,N/A,$11.99,93.49%,Jun 2014,"57,277","27,542","5,683"
274,829,Amnesia: The Dark Descent,N/A,$10.49,92.69%,Sep 2010,"37,294","35,739","5,666"
275,675,Roboquest,-40%,$6.59,93.10%,Nov 2023,"48,896","24,405","5,654"
276,609,Half-Life: Opposing Force,N/A,$2.99,93.29%,Nov 1999,"12,193","28,985","5,639"
277,354,Rabbit and Steel,N/A,$7.99,94.17%,May 2024,"26,704","11,595","5,472"
278,519,HuniePop,N/A,$5.79,93.56%,Jan 2015,"49,932","31,673","5,416"
279,953,MX Bikes,N/A,$17.99,92.42%,Oct 2019,"28,330","37,261","5,369"
280,493,CarX Drift Racing Online,N/A,$7.99,93.64%,Nov 2017,"97,656","89,371","5,369"
281,783,Resident Evil 4 (2005),-75%,$3.74,92.80%,Feb 2014,"70,577","98,325","5,343"
282,667,Ace Attorney Investigations Collection,-40%,$17.99,93.13%,Sep 2024,"20,348","4,827","5,304"
283,219,Summer Clover,N/A,$9.29,94.78%,Jun 2024,"45,140","9,222","5,199"
284,482,Portal Reloaded,N/A,Free,93.67%,Apr 2021,"31,761","22,098","5,194"
285,405,Stacklands,N/A,$7.99,93.95%,Apr 2022,"47,619","30,362","5,186"
286,1000,Super Meat Boy,-22%,$14.84,92.30%,Nov 2010,"28,376","39,178","5,153"
287,784,The Hungry Lamb: Traveling in the Late Ming Dynasty,N/A,$9.99,92.80%,Apr 2024,"61,816","60,028","5,093"
288,302,Mark of the Ninja,N/A,—,94.47%,—,"26,291","15,875","5,066"
289,259,Duck Game,N/A,$7.29,94.64%,Jun 2015,"57,849","39,061","5,047"
290,646,Rusty Lake Hotel,N/A,$1.99,93.18%,Jan 2016,"11,638","10,615","5,038"
291,365,Shadow Tactics: Blades of the Shogun,N/A,$19.99,94.11%,Dec 2016,"169,693","38,469","5,037"
292,265,Murders on the Yangtze River,-40%,$4.79,94.63%,Jan 2024,"24,299","21,227","4,964"
293,253,MADNESS: Project Nexus,N/A,$12.49,94.67%,Sep 2021,"45,756","17,570","4,919"
294,204,Nubby's Number Factory,N/A,$2.99,94.89%,Mar 2025,"6,488","19,571","4,839"
295,738,"STAR WARS™ Battlefront II (Classic, 2005)",N/A,$5.79,92.92%,Nov 2005,"75,415","54,308","4,789"
296,167,Tactical Breach Wizards,N/A,$10.49,95.11%,Aug 2024,"51,804","12,182","4,761"
297,656,Tiny Bookshop,N/A,$9.99,93.16%,Aug 2025,"35,061","7,778","4,748"
298,93,Phoenix Wright: Ace Attorney Trilogy,-67%,$7.42,95.67%,Apr 2019,"75,398","45,032","4,724"
299,623,Tiny Rogues,N/A,$4.99,93.25%,Sep 2022,"13,925","10,766","4,714"
300,545,The Roottrees are Dead,N/A,$10.49,93.48%,Jan 2025,"25,473","10,135","4,692"
301,99,POSTAL 2,N/A,$5.79,95.62%,Apr 2003,"66,653","137,904","4,636"
302,252,The Mr. Rabbit Magic Show,N/A,Free,94.68%,Apr 2025,"3,721","6,260","4,635"
303,971,Esoteric Ebb,N/A,$12.49,92.36%,Mar 2026,"54,082","9,640","4,618"
304,153,Dishonored,N/A,—,95.19%,Oct 2012,"12,943","15,144","4,604"
305,865,Psychonauts,N/A,$9.99,92.62%,Apr 2005,"8,658","19,314","4,531"
306,404,Beat Saber,N/A,$19.99,93.95%,May 2019,"163,761","76,309","4,472"
307,350,Town to City,N/A,$14.49,94.20%,May 2026,"55,955","7,141","4,428"
308,984,Rome: Total War™ - Collection,N/A,—,92.33%,Sep 2004,"12,811","16,747","4,413"
309,498,Mindustry,N/A,$9.99,93.62%,Sep 2019,"47,367","28,128","4,335"
310,135,White Knuckle,N/A,$9.55,95.31%,Apr 2025,"21,576","14,499","4,326"
311,437,Streets of Rogue,-80%,$2.09,93.80%,Jul 2019,"96,837","23,065","4,320"
312,147,Broforce,N/A,$7.99,95.21%,Oct 2015,"114,513","61,017","4,285"
313,174,Spirit City: Lofi Sessions,N/A,$6.72,95.06%,Apr 2024,"40,149","16,780","4,212"
314,733,Casualties: Unknown Demo,N/A,Free,92.93%,Apr 2026,—,"7,012","4,207"
315,581,Bastion,N/A,$5.25,93.38%,Aug 2011,"47,801","38,193","4,186"
316,125,INSIDE,N/A,$12.99,95.40%,Jul 2016,"175,353","75,944","4,170"
317,326,VillageRhapsody,N/A,—,94.34%,Apr 2023,"71,764","16,314","4,121"
318,774,The Walking Dead: The Final Season,N/A,$10.49,92.82%,Aug 2018,"46,455","21,533","4,120"
319,808,WitchSpring R,N/A,$34.99,92.76%,Sep 2023,"42,415","8,216","4,117"
320,362,SOMA,N/A,$14.99,94.12%,Sep 2015,"130,460","52,931","4,072"
321,859,Sleeping Dogs: Definitive Edition,N/A,$15.99,92.63%,Oct 2014,"111,476","79,666","4,035"
322,866,ShareX,N/A,Free,92.62%,Oct 2007,"16,821","8,484","4,029"
323,573,Whisper of the House,N/A,$7.99,93.40%,Aug 2025,"30,089","5,759","4,015"
324,699,your wife,N/A,$0.89,93.02%,Nov 2024,"16,966","9,942","4,007"
325,598,The Talos Principle,N/A,$14.99,93.32%,Dec 2014,"176,955","33,051","4,007"
326,159,Ravenfield,N/A,$9.29,95.15%,May 2017,"125,284","80,114","3,939"
327,842,Heartbeat in Thailand,-20%,$7.99,92.67%,Sep 2025,"2,540","1,923","3,932"
328,972,Demonic Mahjong,-20%,$7.19,92.36%,Jul 2025,"9,601","5,630","3,921"
329,798,S.T.A.L.K.E.R.: Shadow of Chernobyl,N/A,$11.99,92.77%,Mar 2007,"63,353","48,284","3,770"
330,695,Trine 2: Complete Story,-80%,$2.09,93.03%,Jun 2013,"38,674","22,047","3,755"
331,52,Entropy : Zero 2,N/A,Free,96.14%,Aug 2022,"13,703","32,058","3,751"
332,84,Firework,N/A,$9.99,95.77%,Feb 2021,"35,644","44,462","3,746"
333,594,The NOexistenceN of Lilith,N/A,$1.39,93.34%,Jul 2026,"4,181","2,307","3,744"
334,891,SteamWorld Dig 2,-85%,$1.57,92.56%,Sep 2017,"21,301","9,120","3,736"
335,910,PAC-MAN™ Championship Edition DX+,-75%,$1.62,92.51%,Sep 2013,"7,303","8,239","3,694"
336,828,NEEDY STREAMER OVERLOAD,-66%,$2.88,92.69%,Jan 2022,"124,701","57,926","3,674"
337,148,Goat Simulator 3,N/A,$14.99,95.21%,Feb 2024,"30,339","15,963","3,613"
338,885,MineMogul,N/A,$7.99,92.58%,Dec 2025,"27,664","4,429","3,605"
339,587,Metal: Hellsinger,-70%,$4.49,93.35%,Sep 2022,"57,588","17,039","3,569"
340,249,Dead as Disco Demo,N/A,Free,94.69%,May 2025,—,"7,134","3,567"
341,203,STEINS;GATE,N/A,$29.99,94.89%,Sep 2016,"102,123","27,061","3,565"
342,152,Sally Face - Episode One,N/A,$1.99,95.19%,Dec 2016,"58,703","29,596","3,552"
343,454,Portal Stories: Mel,N/A,Free,93.77%,Jun 2015,"59,069","23,785","3,545"
344,788,Aperture Desk Job,N/A,Free,92.79%,Mar 2022,"20,050","25,005","3,519"
345,776,Touhou Kouryudou ~ Unconnected Marketeers.,N/A,$7.99,92.82%,May 2021,"6,115","1,825","3,416"
346,256,Your Only Move Is HUSTLE,N/A,$2.99,94.65%,Feb 2023,"38,481","45,250","3,405"
347,102,Look Outside,-40%,$3.59,95.60%,Mar 2025,"26,679","14,698","3,391"
348,226,Keep Talking and Nobody Explodes,N/A,$7.99,94.76%,Oct 2015,"119,666","17,140","3,386"
349,800,FreshWomen - Season 1,N/A,$7.79,92.77%,Aug 2022,"102,444","18,728","3,383"
350,453,Danganronpa 2: Goodbye Despair,-50%,$5.24,93.77%,Apr 2016,"54,977","32,824","3,344"
351,945,Leaf it Alone,N/A,$3.59,92.44%,Oct 2025,"9,200","6,492","3,313"
352,804,Creeper World 3: Arc Eternal,N/A,$7.99,92.77%,Mar 2014,"12,975","4,829","3,303"
353,893,"Warhammer® 40,000: Dawn of War® - Soulstorm",N/A,—,92.55%,Mar 2008,"17,338","18,528","3,283"
354,456,Train45,N/A,$6.69,93.77%,Jun 2026,"22,030","3,859","3,277"
355,117,Neon White,N/A,$11.99,95.48%,Jun 2022,"34,945","20,832","3,277"
356,943,Yakuza Kiwami 2 (Legacy),N/A,—,92.44%,May 2019,"35,101","17,627","3,229"
357,75,Touhou Mystia's Izakaya,N/A,$5.99,95.91%,Oct 2021,"56,365","33,806","3,196"
358,110,OMORI,N/A,$19.99,95.55%,Dec 2020,"109,412","88,668","3,166"
359,393,The Coffin of Andy and Leyley,N/A,$6.59,94.00%,Oct 2023,"91,362","39,424","3,150"
360,861,DICEOMANCER,N/A,$7.99,92.63%,Oct 2024,"16,301","5,619","3,137"
361,511,Downfall - A Slay the Spire Fan Expansion,N/A,Free,93.59%,Mar 2022,"8,512","4,493","3,132"
362,221,The Expendabros,N/A,Free,94.77%,Aug 2014,"31,643","18,256","3,088"
363,340,"Little Kitty, Big City",N/A,$12.49,94.25%,May 2024,"64,977","13,882","3,028"
364,30,Senren＊Banka,N/A,$34.99,96.43%,Feb 2020,"81,208","37,151","3,013"
365,754,Recettear: An Item Shop's Tale,N/A,$9.99,92.88%,Oct 2010,"17,048","7,526","2,986"
366,780,Cornerpond,N/A,$1.99,92.81%,Apr 2025,"3,316","2,745","2,962"
367,467,Derail Valley,N/A,$18.49,93.72%,Jan 2019,"32,688","9,795","2,950"
368,162,Stronghold Crusader HD (2012),N/A,$5.79,95.12%,Jul 2002,"19,635","21,097","2,942"
369,383,Rivals of Aether,N/A,$14.99,94.04%,Mar 2017,"61,835","38,186","2,922"
370,607,Brick Rigs,N/A,$10.99,93.30%,Jul 2023,"73,558","59,654","2,920"
371,954,Caves of Qud,N/A,$14.49,92.42%,Dec 2024,"51,328","12,653","2,912"
372,504,FlyKnight,N/A,$3.59,93.60%,Jan 2025,"20,665","11,704","2,897"
373,73,Rhythm Doctor,N/A,$10.49,95.92%,Dec 2025,"47,160","27,045","2,892"
374,677,Shovel Knight: Treasure Trove,-19%,$20.83,93.09%,Jun 2014,"62,279","16,909","2,875"
375,406,Quake,N/A,$5.99,93.95%,Jun 1996,"16,916","16,415","2,874"
376,134,A Date with Death,N/A,Free,95.33%,Dec 2023,"33,546","14,872","2,870"
377,391,BLACK SOULS II,N/A,$7.79,94.01%,Nov 2025,"17,277","5,535","2,835"
378,232,West of Loathing,N/A,$10.99,94.74%,Aug 2017,"33,926","10,311","2,835"
379,8,The Henry Stickmin Collection,N/A,$6.99,96.91%,Aug 2020,"54,160","59,681","2,812"
380,577,Stick It to the Stickman,N/A,$6.99,93.39%,Aug 2025,"22,464","8,441","2,800"
381,833,Civilization IV: Beyond the Sword,-80%,$5.99,92.68%,Jul 2007,"4,710","5,086","2,791"
382,488,乌合之众 Demo,N/A,Free,93.66%,Jul 2025,—,"2,677","2,785"
383,894,Quake II,N/A,$5.99,92.55%,Nov 1997,"12,519","10,412","2,766"
384,495,Aviassembly,N/A,$5.79,93.63%,Apr 2025,"21,888","9,516","2,762"
385,291,DOOM + DOOM II,N/A,$6.99,94.52%,Apr 1995,"22,381","29,101","2,748"
386,142,Ib,N/A,$7.29,95.26%,Apr 2022,"23,496","5,318","2,745"
387,876,Backyard Baseball '97,N/A,$5.79,92.61%,Oct 2024,"5,465","2,292","2,741"
388,225,Mon Bazou,N/A,$3.99,94.76%,Dec 2025,"29,487","20,808","2,741"
389,854,Hatsune Miku: Project DIVA Mega Mix+,N/A,$39.39,92.64%,May 2022,"52,323","23,747","2,730"
390,802,Nuclear Option,N/A,$10.99,92.77%,Oct 2023,"31,697","10,999","2,724"
391,505,Homicipher,N/A,$7.79,93.60%,Nov 2024,"27,847","8,315","2,721"
392,474,Lethal League Blaze,N/A,$10.49,93.71%,Oct 2018,"22,659","6,695","2,673"
393,771,Dust: An Elysian Tail,N/A,$14.99,92.83%,May 2013,"26,742","19,073","2,669"
394,100,Endacopia,N/A,$9.28,95.62%,Jul 2026,"15,636","6,855","2,669"
395,669,Trine Enchanted Edition,-80%,$1.59,93.12%,Jul 2009,"21,649","15,957","2,659"
396,257,Super Hexagon,N/A,$1.99,94.65%,Nov 2012,"8,192","25,116","2,650"
397,176,Epic Battle Fantasy 5,-60%,$3.99,95.05%,Nov 2018,"20,031","6,127","2,648"
398,218,Gunpoint,N/A,$5.79,94.79%,Jun 2013,"21,094","13,331","2,647"
399,568,shapez,-90%,$0.57,93.41%,Jun 2020,"20,745","15,902","2,622"
400,240,Slay the Princess — The Pristine Cut,-50%,$4.24,94.71%,Oct 2023,"62,715","34,044","2,583"
401,371,NEKOPARA Vol. 3,-60%,$2.31,94.08%,May 2017,"53,016","12,018","2,571"
402,139,Shift At Midnight Multiplayer Demo,N/A,Free,95.28%,Sep 2025,—,"8,578","2,571"
403,272,GRIS,N/A,$7.99,94.59%,Dec 2018,"135,246","96,407","2,535"
404,372,NEKOPARA Vol. 4,-60%,$2.31,94.08%,Nov 2020,"35,658","8,829","2,529"
405,390,Awaria,N/A,Free,94.01%,Dec 2024,"9,557","19,827","2,467"
406,812,NIGHT-RUNNERS™ PROLOGUE,N/A,Free,92.75%,Feb 2024,"35,159","22,563","2,428"
407,672,GUILTY GEAR XX ACCENT CORE PLUS R,N/A,$14.99,93.11%,May 2015,"11,737","7,718","2,383"
408,217,WolfQuest: Anniversary Edition,N/A,$14.99,94.79%,Jul 2025,"39,032","13,335","2,383"
409,801,Antichamber,N/A,$10.49,92.77%,Jan 2013,"19,541","17,770","2,369"
410,576,STAR WARS™ Jedi Knight - Jedi Academy™,N/A,$5.79,93.39%,Sep 2003,"26,393","13,840","2,337"
411,178,Berry Bury Berry,N/A,$4.49,95.04%,Jan 2026,"6,657","8,904","2,320"
412,537,100 Capitalist Cats,N/A,Free,93.51%,Jan 2024,"1,376","3,856","2,313"
413,49,Shelldiver,N/A,$2.99,96.17%,Nov 2025,"7,081","18,020","2,286"
414,585,Crypt of the NecroDancer,N/A,$6.99,93.36%,Apr 2015,"82,316","26,501","2,282"
415,547,ROUNDS,N/A,$2.99,93.47%,Apr 2021,"23,362","44,590","2,269"
416,591,"Warhammer® 40,000: Dawn of War® - Dark Crusade",N/A,—,93.34%,Oct 2006,"13,063","9,533","2,259"
417,714,Monster Prom 2: Monster Camp,N/A,$6.59,92.98%,Oct 2020,"16,452","6,140","2,252"
418,190,Bopl Battle,N/A,$5.79,94.97%,Nov 2023,"19,958","25,849","2,250"
419,420,STRAFTAT,N/A,Free,93.88%,Oct 2024,"12,869","23,445","2,202"
420,604,VVVVVV,N/A,$2.99,93.31%,Sep 2010,"7,942","10,552","2,174"
421,856,Lost and Found Co.,N/A,$9.29,92.64%,Mar 2026,"14,152","2,922","2,171"
422,35,Travellin Cats in Paris,N/A,Free,96.35%,Jul 2023,"4,175","18,077","2,159"
423,969,Little Inferno,N/A,$7.99,92.37%,Nov 2012,"12,385","13,779","2,129"
424,663,Pikuniku,N/A,$7.29,93.14%,Jan 2019,"24,850","11,855","2,123"
425,367,Supreme Commander: Forged Alliance,N/A,$10.49,94.11%,Sep 2011,"19,263","14,384","2,113"
426,522,Mini Metro,N/A,$5.79,93.55%,Nov 2015,"53,843","16,765","2,104"
427,744,Raging Loop,N/A,$29.99,92.91%,Aug 2017,"17,423","11,268","2,066"
428,689,Horsey Game,N/A,$5.79,93.06%,Feb 2026,"6,479","3,008","2,060"
429,627,Indigo Park: Chapter 1,N/A,Free,93.23%,May 2024,"25,499","23,444","2,030"
430,844,Boneraiser Minions,N/A,$2.99,92.66%,Mar 2023,"7,354","5,364","2,029"
431,229,Kingdom Rush - Tower Defense,N/A,$6.99,94.75%,Jan 2014,"24,101","17,211","2,022"
432,887,Brothers - A Tale of Two Sons,N/A,$7.99,92.57%,Sep 2013,"46,281","41,285","2,019"
433,465,Untitled Goose Game,N/A,$8.99,93.72%,Sep 2020,"126,468","25,226","2,014"
434,293,LEGO® Star Wars™ - The Complete Saga,N/A,$10.49,94.51%,Nov 2009,"31,702","25,516","2,004"
435,892,Kingdom Rush Origins - Tower Defense,N/A,$14.99,92.56%,Oct 2018,"28,860","8,050","2,000"
436,793,HENPRI,-40%,$7.49,92.78%,Mar 2025,"9,877","4,168","1,982"
437,334,Scarlet Hollow,-20%,$11.19,94.29%,Jun 2021,"18,349","5,286","1,974"
438,938,Supraland Six Inches Under,N/A,$5.49,92.45%,Jan 2022,"9,667","4,282","1,973"
439,840,Railroader,N/A,$14.99,92.67%,Dec 2023,"17,080","3,573","1,958"
440,346,Clone Drone in the Danger Zone,N/A,$19.99,94.22%,Jul 2021,"35,103","39,562","1,944"
441,66,Our Life: Beginnings & Always,N/A,Free,95.99%,Nov 2020,"26,242","13,762","1,942"
442,483,Nuclear Throne,N/A,$6.59,93.67%,Dec 2015,"53,929","19,809","1,941"
443,137,One Finger Death Punch,N/A,$3.29,95.29%,Mar 2014,"14,226","16,345","1,921"
444,963,The Arrogant Kaiju Princess and The Detective Servant,N/A,$7.99,92.39%,Dec 2023,"27,131","3,579","1,907"
445,737,Everlasting Summer,N/A,Free,92.92%,Nov 2014,"75,800","78,133","1,907"
446,458,Fireworks Mania - An Explosive Simulator,N/A,$7.99,93.76%,Dec 2020,"14,373","7,949","1,889"
447,868,100 Funny Cats,N/A,Free,92.62%,Apr 2024,"1,239","1,723","1,884"
448,712,Krita,N/A,$5.79,92.98%,Jun 2014,"27,008","8,116","1,872"
449,238,Nodebuster,N/A,$1.99,94.72%,Aug 2024,"4,283","14,072","1,848"
450,353,Monster Prom 4: Monster Con,N/A,$7.99,94.18%,Apr 2025,"10,072","2,136","1,839"
451,333,Cube Escape: Paradox,N/A,Free,94.29%,Sep 2018,"21,616","12,237","1,837"
452,227,Virtual Cottage,N/A,Free,94.76%,Oct 2020,"13,768","11,094","1,801"
453,239,Half-Life 2: VR Mod,N/A,Free,94.72%,Sep 2022,376,"7,943","1,793"
454,247,Return of the Obra Dinn,N/A,$10.49,94.69%,Oct 2018,"83,777","35,223","1,792"
455,425,Cruelty Squad,N/A,$5.99,93.84%,Jun 2021,"22,748","24,988","1,791"
456,92,VTOL VR,-30%,$10.49,95.68%,Aug 2017,"39,397","21,843","1,777"
457,715,Monster Prom 3: Monster Roadtrip,N/A,$6.59,92.98%,Oct 2022,"13,180","3,320","1,774"
458,661,Impostor Factory,N/A,$5.79,93.15%,Sep 2021,"19,872","12,867","1,754"
459,544,Sword and Fairy,N/A,$2.99,93.49%,Apr 2021,"10,510","4,177","1,729"
460,628,Satisfactory Modeler,N/A,Free,93.23%,Sep 2024,"1,538","2,285","1,717"
461,692,Nova Drift,-66%,$3.05,93.05%,Aug 2024,"24,797","14,601","1,713"
462,337,Is This Seat Taken?,N/A,$5.79,94.26%,Aug 2025,"17,924","9,653","1,713"
463,582,S.T.A.L.K.E.R.: Call of Pripyat,N/A,$11.99,93.37%,Feb 2010,"66,949","31,566","1,708"
464,978,Cobalt Core,N/A,$9.16,92.35%,Nov 2023,"12,658","4,388","1,683"
465,797,Servant of the Lake Demo,N/A,Free,92.78%,Oct 2025,—,766,"1,670"
466,688,VHOLUME,N/A,$5.00,93.06%,Aug 2026,"11,755","3,031","1,640"
467,592,Ages of Conflict: World War Simulator,N/A,$3.99,93.34%,Feb 2023,"11,079","9,222","1,639"
468,423,Spaceflight Simulator,N/A,$7.99,93.87%,Feb 2022,"19,279","9,781","1,635"
469,301,The Looker,N/A,Free,94.47%,Jun 2022,"4,536","16,043","1,632"
470,917,Slice & Dice,N/A,$4.99,92.49%,Mar 2024,"8,825","2,580","1,624"
471,470,Silly Linguine Cat Simulator Deluxe Online,N/A,Free,93.72%,Mar 2026,"1,223","3,054","1,624"
472,156,Placid Plastic Duck Simulator,N/A,$1.69,95.17%,Jul 2022,"16,459","20,249","1,615"
473,586,死寂（Deathly Stillness）,N/A,Free,93.36%,Sep 2021,"73,430","22,298","1,595"
474,50,Chants of Sennaar,N/A,$13.99,96.16%,Sep 2023,"40,444","34,671","1,584"
475,40,Katana ZERO,N/A,$7.99,96.28%,Apr 2019,"102,595","76,173","1,575"
476,136,VA-11 Hall-A: Cyberpunk Bartender Action,N/A,$7.99,95.30%,Jun 2016,"101,847","38,741","1,574"
477,514,我的小鲨鱼,N/A,Free,93.58%,Jan 2024,"6,794","4,355","1,551"
478,767,Haste Demo,N/A,Free,92.84%,Feb 2025,—,"5,053","1,543"
479,926,Monster Girl Island: Prologue,N/A,Free,92.47%,Jun 2019,"59,783","16,791","1,538"
480,700,Coloring Pixels,N/A,Free,93.02%,Aug 2018,"4,883","8,679","1,535"
481,122,Baba Is You,N/A,$7.99,95.43%,Mar 2019,"45,043","24,606","1,533"
482,343,Until Then,-31%,$10.03,94.24%,Jun 2024,"36,682","19,328","1,524"
483,198,The Mermaid Mask,N/A,$10.99,94.94%,Jul 2026,"7,357","2,865","1,518"
484,345,Samsara Room,N/A,Free,94.23%,Apr 2020,"10,033","10,227","1,514"
485,244,巫兎 - KANNAGI USAGI -,N/A,Free,94.71%,Nov 2023,"4,439","7,358","1,505"
486,713,Bit Blaster XL,N/A,$0.89,92.98%,Jan 2016,"5,672","6,155","1,501"
487,626,The Artisan of Glimmith,-20%,$5.83,93.24%,Mar 2026,"4,447","2,559","1,486"
488,330,Ghost Trick: Phantom Detective,-67%,$7.42,94.32%,Jun 2023,"18,863","8,617","1,474"
489,397,Opus Magnum,N/A,$10.49,93.99%,Dec 2017,"35,032","7,236","1,467"
490,660,FAR: Lone Sails,N/A,$7.99,93.15%,May 2018,"58,786","26,473","1,449"
491,838,Superliminal,N/A,$9.49,92.67%,Nov 2020,"68,409","34,168","1,439"
492,398,Paint the Town Red,-50%,$5.24,93.98%,Jul 2021,"61,205","32,542","1,423"
493,151,Half-Life 2: Episode Two,N/A,—,95.19%,Oct 2007,"51,065","41,229","1,419"
494,753,Bejeweled® 3,N/A,$4.99,92.88%,Dec 2010,"4,704","8,144","1,415"
495,298,Café Stella and the Reaper's Butterflies,N/A,$17.99,94.49%,Mar 2022,"21,550","6,946","1,415"
496,127,Pineapple on pizza,N/A,Free,95.38%,Mar 2023,"5,291","26,092","1,415"
497,518,Grimshire,N/A,$7.99,93.57%,Jul 2025,"24,564","3,441","1,410"
498,529,YKMET: Strade,N/A,$7.99,93.53%,Jul 2025,"3,859","1,435","1,405"
499,826,Supraland,N/A,$5.49,92.71%,Apr 2019,"42,888","15,396","1,403"
500,671,枝江畔之梦,N/A,Free,93.12%,Jan 2022,"3,303","1,506","1,399"
501,641,枝江往事,N/A,Free,93.19%,Jun 2021,"8,573","4,883","1,397"
502,645,The Elder Scrolls III: Morrowind® Game of the Year Edition,N/A,$8.99,93.18%,Apr 2002,"56,389","28,647","1,396"
503,168,The Last Campfire,-90%,$1.49,95.10%,Oct 2021,"24,005","20,558","1,381"
504,104,魔女的夜宴,N/A,$34.99,95.59%,Jul 2023,"27,183","11,822","1,374"
505,157,Iron Snout,N/A,Free,95.17%,Jan 2016,"15,840","17,486","1,373"
506,248,Touhou Luna Nights,-40%,$5.57,94.69%,Feb 2019,"51,422","14,956","1,368"
507,687,Emberward,N/A,$10.49,93.06%,Jun 2024,"14,077","3,859","1,367"
508,280,Minishoot' Adventures,N/A,$7.99,94.56%,Apr 2024,"11,310","8,297","1,367"
509,520,The Planet Crafter: Prologue,N/A,Free,93.56%,Dec 2021,"23,224","10,716","1,352"
510,546,Fallen Aces,N/A,$6.99,93.48%,Jun 2024,"29,965","6,932","1,349"
511,120,There Is No Game: Wrong Dimension,N/A,$7.29,95.47%,Aug 2020,"29,755","26,109","1,348"
512,363,Denshattack!,N/A,$12.99,94.12%,Jul 2026,"20,292","3,470","1,347"
513,867,私のリアルは充実しすぎている フルボイス版,N/A,$5.79,92.62%,Dec 2022,"7,597","5,492","1,340"
514,807,The Room Three,N/A,$3.59,92.76%,Nov 2018,"16,043","13,443","1,339"
515,559,Nightmare Kart,N/A,Free,93.44%,Jun 2024,"11,711","7,031","1,332"
516,706,DRACU-RIOT!,N/A,$17.99,93.00%,Feb 2026,"4,915","1,267","1,322"
517,811,Darkwood,N/A,$9.99,92.75%,Aug 2017,"98,078","24,980","1,315"
518,849,Airships: Conquer the Skies,-25%,$9.36,92.65%,Aug 2018,"32,936","6,614","1,313"
519,827,The Rewinder,N/A,$14.38,92.70%,Sep 2021,"22,002","7,374","1,304"
520,640,Zup! Z,N/A,$1.49,93.20%,Dec 2020,"1,233","4,338","1,288"
521,752,Machinarium,N/A,$7.99,92.88%,Oct 2009,"32,374","20,869","1,279"
522,618,StarVaders,N/A,$12.49,93.26%,Apr 2025,"12,478","4,378","1,278"
523,233,Cube Escape Collection,N/A,$4.99,94.74%,Oct 2020,"9,924","7,999","1,277"
524,243,Disfigure,N/A,$3.99,94.71%,Jul 2023,"3,813","7,442","1,272"
525,633,STAR WARS™ Republic Commando™,N/A,$5.79,93.21%,Mar 2005,"37,984","17,178","1,267"
526,596,Mouthwashing,N/A,$7.29,93.33%,Sep 2024,"49,875","38,733","1,259"
527,601,100 Ninja Cats,N/A,Free,93.32%,Feb 2024,"1,608","2,701","1,255"
528,479,NUKITASHI 2,-60%,$9.99,93.68%,Feb 2024,"8,692","2,757","1,252"
529,995,Pentiment,N/A,$19.99,92.31%,Nov 2022,"31,470","9,807","1,250"
530,515,Flock Around,N/A,$2.99,93.58%,Apr 2026,"6,544","2,246","1,250"
531,355,NEKOPARA Vol. 2,-60%,$2.31,94.16%,Feb 2016,"51,800","12,857","1,228"
532,31,Papa's Freezeria Deluxe,N/A,$3.59,96.43%,Mar 2023,"10,413","13,319","1,227"
533,763,Star of Providence,N/A,$6.99,92.85%,Jun 2017,"8,355","3,373","1,222"
534,814,Arisen Force: Life Devotee - Initial Ver.,N/A,Free,92.75%,Nov 2024,"4,677","2,728","1,212"
535,903,Severed Steel,N/A,$7.00,92.53%,Sep 2021,"20,699","10,242","1,201"
536,70,The Room 4: Old Sins,N/A,$4.99,95.94%,Feb 2021,"14,157","18,366","1,199"
537,650,Journey of Realm：Dawn Dew,-25%,$4.71,93.17%,Aug 2025,"5,865","2,378","1,190"
538,150,Magic Archery,N/A,Free,95.20%,Oct 2024,"1,648","8,433","1,178"
539,306,Touhou Hero of Ice Fairy,N/A,$6.99,94.42%,Apr 2024,"13,907","9,174","1,168"
540,693,Townscaper,N/A,$3.59,93.04%,Aug 2021,"78,901","21,645","1,165"
541,697,Five Hearts Under One Roof Demo,N/A,Free,93.03%,Sep 2024,—,"2,363","1,163"
542,739,LISA: The Painful,N/A,$12.99,92.92%,Dec 2014,"38,312","15,182","1,162"
543,191,Webbed,-30%,$4.05,94.96%,Sep 2021,"28,687","15,286","1,151"
544,670,Touhou Dystopian,N/A,$5.79,93.12%,Oct 2025,"7,036","2,264","1,144"
545,841,Cattails: Wildwood Story,N/A,$19.99,92.67%,Oct 2023,"10,901","1,944","1,143"
546,548,Echo Point Nova,N/A,$12.49,93.47%,Sep 2024,"22,527","7,993","1,143"
547,380,LIZARDS MUST DIE,-75%,$0.49,94.05%,Sep 2023,"11,056","26,445","1,140"
548,107,Steam Engine Simulator,N/A,Free,95.57%,Jun 2023,"9,707","9,008","1,140"
549,445,Half-Life 2: Episode One,N/A,—,93.79%,Jun 2006,"17,441","31,328","1,132"
550,772,Epic Battle Fantasy 4,-80%,$1.39,92.83%,Feb 2014,"13,500","3,333","1,128"
551,614,Snufkin: Melody of Moominvalley,N/A,$10.49,93.27%,Mar 2024,"25,878","4,295","1,125"
552,276,Papa's Pizzeria Deluxe,N/A,$3.59,94.58%,Nov 2024,"5,398","3,719","1,124"
553,79,"Papers, Please - The Short Film",N/A,Free,95.89%,Feb 2018,"15,831","9,102","1,105"
554,961,Deus Ex: Game of the Year Edition,N/A,$3.49,92.40%,Jun 2000,"13,326","15,653","1,102"
555,617,Day of the Tentacle Remastered,N/A,$14.99,93.26%,Mar 2016,"20,644","4,727","1,097"
556,311,Bugsnax,N/A,$12.49,94.41%,Apr 2022,"12,367","9,516","1,088"
557,184,Trombone Champ,N/A,$7.99,95.02%,Sep 2022,"17,383","11,255","1,086"
558,610,Incredibox,N/A,$4.99,93.28%,Aug 2009,"8,910","5,952","1,078"
559,429,Path of Achra,N/A,$9.99,93.83%,May 2024,"6,742","3,257","1,066"
560,839,Space Rock Breaker,N/A,$2.19,92.67%,Dec 2025,"1,744","4,729","1,062"
561,299,Kindergarten 2,N/A,$7.99,94.49%,Jul 2019,"9,511","5,812","1,060"
562,179,WITCH ON THE HOLY NIGHT,N/A,$26.99,95.04%,Dec 2023,"31,863","8,578","1,049"
563,875,One Finger Death Punch 2,N/A,$4.99,92.61%,Apr 2019,"6,487","4,500","1,027"
564,720,Half-Life: MMod,N/A,Free,92.96%,Mar 2023,"3,913","5,557","1,027"
565,932,Zuma Deluxe,N/A,$4.99,92.46%,Aug 2006,"7,089","6,835","1,018"
566,427,Kingdom Rush Frontiers - Tower Defense,N/A,$9.99,93.83%,Jul 2016,"22,285","10,825","1,011"
567,958,Montaro,N/A,$0.99,92.41%,Jul 2016,"13,351","12,178","1,001"
568,473,Rusty Lake: Roots,N/A,$3.99,93.71%,Oct 2016,"16,353","9,179",994
569,133,Finding Paradise,N/A,$5.79,95.35%,Dec 2017,"44,859","20,377",994
570,231,"Hot Dogs, Horseshoes & Hand Grenades",N/A,$19.99,94.74%,Jul 2026,"31,196","23,931",992
571,583,Touhou Hero of Ice Fairy: Prologue,N/A,Free,93.37%,Dec 2021,"7,618","3,404",983
572,965,Bing in Wonderland,N/A,$4.99,92.38%,Jan 2023,"5,559","2,161",977
573,128,Just Shapes & Beats,N/A,$8.99,95.37%,May 2018,"36,611","26,129",966
574,832,Liftoff®: FPV Drone Racing,N/A,$10.49,92.68%,Sep 2018,"39,133","14,023",957
575,230,DUSK,N/A,$8.99,94.74%,Dec 2018,"46,146","25,508",957
576,572,Carto,N/A,$9.99,93.40%,Oct 2020,"21,505","9,394",929
577,481,FlatOut 2,-80%,$1.19,93.67%,Aug 2006,"4,376","22,196",925
578,588,SuchArt: Genius Artist Simulator,N/A,$14.99,93.35%,Oct 2022,"22,682","4,599",920
579,625,Outpath: First Journey,N/A,Free,93.24%,Dec 2022,"5,568","4,665",896
580,615,Dispatch Demo,N/A,Free,93.27%,May 2025,—,"3,432",881
581,255,SuchArt: Creative Space,N/A,Free,94.66%,Jan 2021,"10,216","7,158",879
582,273,SIGNALIS,N/A,$9.99,94.58%,Oct 2022,"76,018","34,463",872
583,823,HER TREES : PUZZLE DREAM,N/A,$2.49,92.72%,Feb 2026,"4,043","1,997",863
584,412,Dungeon Munchies,N/A,$19.99,93.93%,Jul 2022,"23,569","7,226",861
585,446,Oats Studios - Volume 1,N/A,Free,93.79%,Jun 2017,"64,231","4,238",853
586,951,RUNNING TRAIN | 走ル列車！,N/A,$11.99,92.43%,May 2026,"10,277","1,613",850
587,939,Skate Story,N/A,$10.49,92.45%,Dec 2025,"17,511","3,107",848
588,388,CULTIC,N/A,$5.79,94.02%,Oct 2022,"20,892","8,725",843
589,433,The Legend of Heroes: Trails in the Sky SC,N/A,$29.99,93.82%,Oct 2015,"26,385","4,388",840
590,206,Crow Country,N/A,$10.49,94.89%,May 2024,"22,208","8,312",836
591,23,OneShot,-40%,$3.47,96.53%,Dec 2016,"77,632","65,097",824
592,920,Everhood,N/A,$9.99,92.48%,Mar 2021,"14,760","14,030",819
593,874,Beyond Citadel,N/A,$7.99,92.61%,Jan 2025,"16,159","4,681",818
594,408,My Little Puppy,N/A,$12.49,93.95%,Nov 2025,"18,229","4,997",818
595,918,The Legend of Heroes: Trails from Zero,N/A,$20.99,92.49%,Sep 2022,"8,931","1,567",817
596,170,Gorogoa,N/A,$8.29,95.08%,Dec 2017,"43,570","20,810",813
597,98,The Room,N/A,$2.99,95.63%,Jul 2014,"27,493","31,807",809
598,254,MULLET MADJACK,N/A,$10.49,94.67%,May 2024,"29,846","9,556",808
599,370,CATO: Buttered Cat,N/A,$6.29,94.09%,Sep 2024,"8,740","3,143",807
600,166,Fran Bow,N/A,$14.99,95.11%,Aug 2015,"50,816","23,018",796
601,690,Garden Galaxy,N/A,$9.99,93.06%,Dec 2022,"7,702","2,663",792
602,304,Universe Sandbox,N/A,$14.49,94.45%,Aug 2015,"175,858","32,265",788
603,725,STEINS;GATE 0,N/A,$34.99,92.95%,May 2018,"39,137","8,479",787
604,644,Horses of Hoofprint Bay Demo,N/A,Free,93.19%,Feb 2026,—,984,786
605,685,FIVE NIGHTS AT FREDDY'S: HELP WANTED,N/A,$29.99,93.06%,May 2019,"30,364","13,126",785
606,895,Turing Complete,N/A,$10.99,92.55%,Oct 2021,"38,022","5,702",784
607,817,Master Of Pottery,-15%,$5.09,92.74%,Sep 2026,"7,751","2,925",782
608,991,ウーマンコミュニケーション,N/A,$12.99,92.32%,Oct 2023,"3,018",823,777
609,490,英雄黄昏-文字三国志&曹贼模拟器,N/A,Free,93.65%,Sep 2021,"4,206","3,556",772
610,61,ATRI -My Dear Moments-,N/A,$10.50,96.04%,Jun 2020,"50,754","23,503",772
611,455,Zup! F,N/A,$1.49,93.77%,Dec 2019,"2,472","8,325",769
612,927,Cleared Hot,N/A,$9.95,92.47%,Nov 2025,"28,022","4,003",768
613,468,Hidden Folks,N/A,$14.99,93.72%,Feb 2017,"30,401","9,549",763
614,584,Blood and Bacon,N/A,$0.99,93.36%,Feb 2016,"25,182","36,590",762
615,485,D1AL-ogue,N/A,Free,93.67%,Feb 2026,"6,483","4,961",759
616,266,I Wani Hug that Gator!,N/A,$7.99,94.63%,Feb 2024,"8,743","5,745",759
617,36,Travellin Cats in Jingle Jam,N/A,Free,96.34%,Dec 2023,"2,262","10,479",757
618,957,Dagon: by H. P. Lovecraft,N/A,Free,92.41%,Sep 2021,"18,642","12,378",755
619,820,Stronghold HD (2012),N/A,$3.59,92.72%,Oct 2001,"20,201","10,451",755
620,258,Tiny Shadows Interwoven Hearts,N/A,Free,94.65%,Nov 2025,"1,685","3,781",748
621,551,Alabaster Dawn Demo,N/A,Free,93.47%,Sep 2025,—,"1,954",732
622,286,Fear & Hunger 2: Termina,N/A,$11.99,94.54%,Dec 2022,"30,167","15,503",724
623,284,Riddle Joker,N/A,$17.99,94.55%,Dec 2020,"22,596","7,045",724
624,986,PARANORMASIGHT: The Seven Mysteries of Honjo,N/A,$15.99,92.32%,Mar 2023,"15,119","7,252",723
625,336,Zup! S,N/A,$1.49,94.26%,Nov 2018,"6,707","16,205",722
626,308,of the Devil,N/A,Free,94.42%,Feb 2025,"5,403","2,618",715
627,236,Threefold Recital,N/A,$7.99,94.73%,Jan 2025,"7,936","5,791",715
628,834,Will You Snail?,N/A,$6.29,92.68%,Mar 2022,"4,092","2,837",705
629,665,Ithya: Magic Studies,N/A,$6.99,93.14%,May 2025,"8,641","2,196",698
630,430,DevilConnection,N/A,$9.99,93.83%,Oct 2025,"5,394","2,017",695
631,108,Buy a Croquette!,N/A,Free,95.57%,Apr 2024,"5,406","8,554",694
632,872,Rabi-Ribi,N/A,$7.20,92.61%,Jan 2016,"54,884","12,274",693
633,205,Baldi's Basics Plus,N/A,$9.99,94.89%,Jun 2020,"12,189","11,695",693
634,169,An Arcade Full of Cats,N/A,Free,95.09%,Nov 2023,"5,110","8,117",693
635,352,Mizi NO!,N/A,Free,94.19%,Aug 2024,"2,505","3,084",692
636,469,月に寄りそう乙女の作法,-56%,$17.59,93.72%,Jun 2022,"11,325","4,562",689
637,821,I Was a Teenage Exocolonist,N/A,$12.49,92.72%,Aug 2022,"14,697","4,842",688
638,766,Mark of the Ninja: Remastered,N/A,$4.39,92.84%,Oct 2018,"20,278","6,947",687
639,638,Thank Goodness You're Here!,N/A,$9.99,93.20%,Aug 2024,"22,043","8,461",685
640,181,Picayune Dreams,N/A,$2.99,95.03%,Dec 2023,"4,673","4,646",683
641,726,Minds Beneath Us,N/A,$10.49,92.95%,Jul 2024,"20,929","6,404",663
642,914,inbento,N/A,$2.99,92.50%,Sep 2019,"2,556","2,973",658
643,933,TouHou Makuka Sai ~ Fantastic Danmaku Festival Part II,N/A,$7.29,92.46%,Mar 2019,"5,563","2,646",656
644,988,Coffee Talk Episode 2: Hibiscus & Butterfly,N/A,$7.99,92.32%,Apr 2023,"15,437","2,792",654
645,510,5D Chess With Multiverse Time Travel,N/A,$11.99,93.59%,Jul 2020,"22,861","8,981",649
646,275,Touhou Tenkuushou ~ Hidden Star in Four Seasons.,N/A,$7.99,94.58%,Aug 2017,"22,044","4,548",649
647,250,Eternal Senia,N/A,Free,94.68%,Jun 2015,"33,593","12,061",645
648,325,Pseudoregalia,N/A,$1.99,94.34%,Jul 2023,"21,021","18,965",643
649,705,Jacksmith: Weapons and Warriors,N/A,$3.59,93.00%,May 2025,"5,605","1,978",639
650,242,Aliya: Timelink,N/A,$2.99,94.71%,Apr 2024,"5,949","9,659",639
651,843,Retrowave,N/A,$1.80,92.66%,May 2022,"12,226","15,445",638
652,268,To the Moon,N/A,$5.79,94.62%,Nov 2011,"73,040","86,511",637
653,745,Voidigo,N/A,$2.99,92.91%,Jun 2023,"11,115","4,922",626
654,764,拖拖拉拉小菲镇,N/A,$1.49,92.85%,Aug 2025,"1,546","1,601",621
655,292,Digseum,N/A,$1.99,94.52%,Dec 2024,"3,292","8,167",618
656,762,Songs for a Hero - Definitive Edition,N/A,$14.99,92.85%,Apr 2020,"8,904","4,448",616
657,509,Superflight,N/A,$1.99,93.59%,Nov 2017,"13,877","11,588",613
658,896,Total Annihilation,N/A,$4.99,92.55%,Sep 1997,"10,599","3,769",608
659,209,The Case of the Golden Idol,N/A,$9.29,94.87%,Oct 2022,"16,293","11,002",605
660,979,Saihate Station,N/A,Free,92.34%,Mar 2025,"14,178","10,371",604
661,624,The Forgotten City,N/A,$24.99,93.24%,Jul 2021,"40,745","13,705",603
662,539,错过的暑假可以放第二次吗？,N/A,$3.99,93.51%,Feb 2026,"1,078","1,320",603
663,902,erdetspill,N/A,Free,92.54%,Jul 2026,537,"1,032",598
664,484,SpaceEngine,N/A,$4.99,93.67%,Jun 2019,"90,479","16,591",596
665,521,No Case Should Remain Unsolved,N/A,$3.99,93.56%,Jan 2024,"11,901","10,692",594
666,101,Patrick's Parabox,N/A,$10.49,95.62%,Mar 2022,"13,249","5,828",592
667,105,Wobbledogs,N/A,$8.99,95.58%,Mar 2022,"15,483","15,347",591
668,649,Rusted Warfare - RTS,N/A,$2.99,93.17%,Jul 2017,"14,497","7,589",589
669,384,Minami Lane,N/A,$2.99,94.04%,Feb 2024,"12,160","6,721",587
670,635,Beastieball,N/A,$5.99,93.21%,Nov 2024,"9,207","1,761",585
671,553,DFHack - Dwarf Fortress Modding Engine,N/A,Free,93.47%,Apr 2023,"2,190","1,149",582
672,540,REFLEXIA Prototype ver.,N/A,Free,93.50%,Aug 2022,"4,071","7,568",580
673,664,NEKOPARA Extra,-60%,$1.19,93.14%,Jul 2018,"16,610","4,058",575
674,486,Squeakross: Home Squeak Home,N/A,$7.99,93.67%,Jun 2025,"3,599","2,254",569
675,647,OPUS: Echo of Starsong - Full Bloom Edition,N/A,$12.49,93.18%,Sep 2021,"28,891","9,468",567
676,756,Tails Noir: Prologue,N/A,Free,92.87%,Apr 2019,"15,430","4,102",565
677,421,What Remains of Edith Finch,N/A,$10.59,93.87%,Apr 2017,"111,925","52,896",564
678,417,Kindergarten,N/A,$2.99,93.89%,Jun 2017,"19,643","10,647",561
679,27,Creature Kitchen,N/A,$4.49,96.50%,Feb 2026,"11,782","9,803",553
680,501,Pronoun Palace,N/A,$10.99,93.62%,Jun 2026,"2,470","1,343",552
681,459,Sizeable,-89%,$0.51,93.76%,Mar 2021,"2,820","3,444",549
682,768,"STAR WARS™ Battlefront (Classic, 2004)",N/A,$5.79,92.84%,Sep 2004,"14,258","4,723",548
683,432,Find Love or Die Trying,N/A,$2.99,93.82%,Sep 2021,"16,583","11,945",545
684,815,The Chef's Shift,N/A,$5.99,92.75%,Mar 2025,"4,785","2,064",543
685,648,Higurashi When They Cry Hou - Ch.1 Onikakushi,N/A,Free,93.18%,May 2015,"17,324","6,823",543
686,428,The Drifter,N/A,$10.49,93.83%,Jul 2025,"19,625","4,903",537
687,385,DORONKO WANKO,N/A,Free,94.04%,Mar 2024,"3,918","4,385",537
688,436,Cureocity,N/A,Free,93.81%,Mar 2024,"3,236","3,212",534
689,394,Psychopomp GOLD,N/A,$4.99,94.00%,Oct 2024,"10,051","5,401",531
690,369,Aokana - Four Rhythms Across the Blue - EXTRA2,N/A,$12.49,94.11%,Dec 2022,"5,984","2,106",531
691,463,UNBEATABLE [white label],N/A,Free,93.74%,May 2021,"13,963","8,571",528
692,376,Funi Raccoon Game,N/A,$6.59,94.07%,Mar 2026,"5,088","1,878",522
693,931,Shower With Your Dad Simulator 2015: Do You Still Shower With Your Dad,N/A,$0.89,92.46%,Sep 2015,"6,894","10,032",520
694,410,Hook,N/A,$1.99,93.93%,Jan 2015,"7,729","8,928",517
695,681,klocki,N/A,$1.99,93.08%,Jul 2016,"5,204","4,679",513
696,195,Lost in Play,N/A,$4.79,94.95%,Aug 2022,"17,574","9,310",511
697,95,Before Your Eyes,N/A,$5.79,95.66%,Apr 2021,"21,017","23,933",510
698,897,Orbt XL,N/A,$0.89,92.55%,Apr 2017,"3,787","3,437",509
699,822,Unreal Tournament 2004: Editor's Choice Edition,N/A,—,92.72%,Mar 2004,"9,860","4,234",504
700,769,Coloring Game 2,N/A,Free,92.84%,Jan 2020,"2,572","3,611",502
701,936,DEADBOLT,N/A,$9.99,92.45%,Mar 2016,"19,548","5,640",501
702,683,异化之恶〇Abnormal Treatment,N/A,Free,93.07%,Aug 2019,"13,372","3,615",501
703,742,TIS-100,N/A,$3.99,92.92%,Jul 2015,"23,085","4,112",493
704,809,Pilgrims,N/A,$3.49,92.76%,Oct 2019,"10,212","6,370",491
705,723,NEKOPARA Vol. 1,-60%,$2.31,92.95%,Dec 2014,"91,376","27,465",487
706,782,ギルド探求団へようこそ！,N/A,$2.49,92.81%,Feb 2026,768,"1,500",486
707,329,Just a To the Moon Series Beach Episode,N/A,$4.49,94.33%,Sep 2024,"6,802","3,973",486
708,461,Aokana - Four Rhythms Across the Blue,N/A,$17.99,93.75%,Sep 2019,"20,556","6,592",484
709,858,fpsVR,N/A,$2.69,92.64%,Sep 2018,"2,735","2,357",482
710,566,Refunct,N/A,$1.99,93.42%,Oct 2015,"17,322","17,465",480
711,57,Shiina Taki's Decameron,N/A,Free,96.09%,Nov 2024,"2,492","7,398",475
712,185,Peggle Deluxe,N/A,$4.99,95.00%,Feb 2007,"4,300","14,516",473
713,426,Your Turn To Die -Death Game By Majority-,N/A,$8.99,93.84%,Feb 2023,"20,646","4,448",471
714,359,Katawa Shoujo,N/A,Free,94.14%,Aug 2024,"7,096","6,193",471
715,886,A Park Full of Cats,N/A,Free,92.58%,Sep 2024,"1,811","2,156",467
716,578,Peaks of Yore,N/A,$9.89,93.39%,Oct 2023,"5,360","3,784",467
717,906,Duck Detective: The Ghost of Glamping,N/A,$5.79,92.53%,May 2025,"7,017","2,799",466
718,464,DOGWALK,N/A,Free,93.73%,Jul 2025,"3,673","2,950",465
719,94,MINDWAVE Demo,N/A,Free,95.67%,Jan 2025,—,"6,176",465
720,186,Lil Gator Game,N/A,$10.49,95.00%,Dec 2022,"11,184","6,127",458
721,199,Outcore: Desktop Adventure,N/A,Free,94.92%,Sep 2022,"9,328","18,368",453
722,222,A Tower Full of Cats,N/A,$3.50,94.77%,May 2024,"2,302","2,478",452
723,500,Snake Force,N/A,Free,93.62%,Nov 2021,"8,626","5,779",450
724,937,Narcissu 1st & 2nd,N/A,Free,92.45%,May 2007,"14,252","5,452",443
725,922,We Become What We Behold [Fan-Made Port],N/A,Free,92.48%,Jul 2019,"4,855","6,720",443
726,790,Leap Year,N/A,$2.99,92.79%,Jun 2024,"2,858","3,214",438
727,634,HROT,N/A,$10.49,93.21%,May 2023,"17,340","6,511",438
728,341,Maitetsu:Last Run!!,N/A,$34.99,94.25%,Oct 2020,"16,329","5,101",438
729,131,MR DONALD: SAVE VATICAN,N/A,Free,95.36%,Jun 2025,—,"11,351",438
730,716,Fretless - The Wrath of Riffson,N/A,$3.59,92.98%,Jul 2025,"7,780","1,470",432
731,442,The Powder Toy,N/A,Free,93.80%,Jun 2024,"2,306","2,984",430
732,130,Z.A.T.O. // I Love the World and Everything In It,N/A,Free,95.36%,Nov 2025,"7,957","12,497",427
733,113,Juice Galaxy,N/A,$2.99,95.52%,Nov 2023,"6,801","10,573",426
734,77,Öoo,N/A,$5.79,95.90%,Aug 2025,"5,135","6,864",423
735,86,Kung Fury,N/A,Free,95.77%,May 2015,"39,598","16,346",417
736,118,CLANNAD,N/A,$20.99,95.48%,Apr 2004,"65,903","10,982",415
737,207,Word Game: Episode 0,N/A,Free,94.89%,Jan 2021,"10,986","4,553",412
738,901,LYNE,N/A,$1.99,92.54%,Mar 2014,"8,432","8,247",410
739,47,TOEM: A Photo Adventure,N/A,$10.49,96.19%,Sep 2021,"14,985","12,156",410
740,570,Idols of Ash,N/A,$2.19,93.41%,Apr 2026,"4,868","3,472",407
741,323,The Test,N/A,$1.99,94.36%,Feb 2020,"2,831","20,165",407
742,536,Downwell,N/A,$1.99,93.51%,Oct 2015,"16,005","8,618",405
743,579,MOLE,-20%,$5.59,93.39%,Jun 2026,"7,836","3,735",404
744,908,Epic Battle Fantasy 3,N/A,Free,92.52%,Sep 2010,"5,159","2,440",403
745,666,Beastfolk Barber Demo,N/A,Free,93.14%,Aug 2026,—,"1,037",402
746,413,In Stars And Time,N/A,$10.49,93.92%,Nov 2023,"17,639","8,878",402
747,68,Paper Lily - Chapter 1,N/A,Free,95.96%,Jan 2024,"12,066","8,882",402
748,322,Bloody Hell,N/A,Free,94.37%,Jan 2023,"3,320","7,011",401
749,155,The Room Two,N/A,$2.99,95.18%,Jul 2016,"18,296","21,815",401
750,743,Fluffy Store,N/A,$1.99,92.92%,Aug 2019,"6,173","3,771",397
751,103,Kabuto Park,N/A,$2.99,95.60%,May 2025,"5,121","4,636",392
752,288,Loddlenaut,N/A,$8.99,94.54%,Nov 2023,"10,657","6,267",390
753,682,Zup! X,N/A,$1.49,93.07%,May 2018,"2,400","6,832",389
754,616,A Webbing Journey,-20%,$5.03,93.27%,May 2025,"7,851","1,362",389
755,411,At Home Alone Final,N/A,Free,93.93%,Jan 2022,"7,369","8,191",389
756,12,A Short Hike,N/A,$4.49,96.74%,Jul 2019,"22,648","22,716",388
757,608,Hexcells Infinite,N/A,$2.99,93.30%,Sep 2014,"2,626","4,705",384
758,523,Hexcells,N/A,$1.99,93.55%,Feb 2014,"3,539","5,931",384
759,435,Fox Hime Zero,N/A,$1.99,93.81%,May 2018,"12,433","6,011",383
760,192,OneShot: World Machine Edition,-20%,$4.63,94.96%,Sep 2024,"7,253","5,758",383
761,985,Zup! 2,N/A,$1.49,92.33%,Dec 2016,"4,187","6,903",376
762,871,Pony Island,N/A,$3.59,92.61%,Jan 2016,"20,919","18,133",374
763,751,The Curse of Monkey Island,N/A,$3.99,92.89%,Oct 1997,"8,771","3,084",374
764,734,I commissioned some bees 0,N/A,Free,92.93%,Jan 2023,"1,489","4,628",374
765,121,"Please, Touch The Artwork 2",N/A,Free,95.47%,Feb 2024,"2,346","6,159",365
766,189,Monument Valley,N/A,$3.99,94.98%,Jul 2022,"10,834","8,864",363
767,197,Kind Words (lo fi chill beats to write to),N/A,$2.99,94.94%,Sep 2019,"16,399","8,979",362
768,921,Devil Daggers,N/A,$2.39,92.48%,Feb 2016,"20,039","9,494",358
769,24,Sheepy: A Short Adventure,N/A,Free,96.52%,Feb 2024,"8,850","24,362",358
770,916,Cinderella Phenomenon - Otome/Visual Novel,N/A,Free,92.49%,Apr 2017,"8,874","4,146",354
771,533,Chicory: A Colorful Tale,N/A,$10.49,93.52%,Jun 2021,"12,101","4,000",353
772,630,Homicipher: Demo,N/A,Free,93.23%,Jun 2023,"6,778","1,627",352
773,730,Crypt Custodian,N/A,$9.99,92.94%,Aug 2024,"12,912","3,149",351
774,981,No Time,N/A,$6.29,92.34%,Apr 2019,"4,796","2,227",346
775,785,Meteor 60 Seconds!,N/A,Free,92.80%,Feb 2018,"4,450","4,881",346
776,950,Miracle Snack Shop,-50%,$4.99,92.43%,Dec 2018,"6,513","2,279",345
777,686,DRAMAtical Murder,N/A,$19.99,93.06%,Apr 2021,"20,088","4,992",343
778,619,Pipistrello and the Cursed Yoyo,N/A,$10.49,93.26%,May 2025,"5,439","2,197",341
779,905,Maitetsu:Pure Station,N/A,$24.99,92.53%,Sep 2018,"23,892","3,648",339
780,418,A Space for the Unbound,N/A,$10.49,93.89%,Jan 2023,"22,263","7,842",338
781,126,Strange Jigsaws,N/A,$2.99,95.40%,Aug 2025,"1,904","4,727",327
782,620,White Knuckle Demo,N/A,Free,93.26%,Oct 2024,—,"2,027",325
783,496,Bug Fables: The Everlasting Sapling,-60%,$4.19,93.63%,Nov 2019,"10,798","6,044",325
784,653,Great God Grove,N/A,$10.49,93.17%,Nov 2024,"4,708","1,565",323
785,673,Angel at Dusk,N/A,$7.99,93.11%,Jan 2024,"6,366","1,736",318
786,652,Snail Simulator,N/A,$2.99,93.17%,Nov 2023,"1,497","1,621",317
787,351,I Am Your Beast,N/A,$10.49,94.20%,Sep 2024,"17,408","5,629",317
788,552,Chicken Hill,N/A,$1.99,93.47%,Jan 2025,"1,086","1,185",315
789,595,Wannabe Galgame God!!!,N/A,Free,93.34%,Apr 2026,850,"1,561",314
790,631,Spin Rhythm XD,N/A,$10.49,93.22%,Mar 2023,"8,985","4,238",313
791,759,Delta Particles,N/A,Free,92.86%,Dec 2024,"1,801","3,517",311
792,709,"The Thief, the Witch, the Toad, and the Mushroom.",N/A,Free,92.99%,Mar 2024,424,798,310
793,935,Five Hearts Under One Roof season2 Demo,N/A,Free,92.46%,Sep 2025,—,"1,034",308
794,773,Chrono Gear: Warden of Time,N/A,$9.29,92.83%,Sep 2025,"6,549","1,014",307
795,657,Hypnospace Outlaw,N/A,$10.49,93.16%,Mar 2019,"13,317","5,557",307
796,443,Mirage Feathers,N/A,$2.99,93.80%,Sep 2024,"5,749","2,646",302
797,440,eden*,N/A,$10.49,93.80%,Jan 2015,"21,490","5,263",302
798,172,星空列车与白的旅行,N/A,$19.99,95.07%,May 2021,"10,171","6,425",300
799,919,暴杀残雨之夜,N/A,$3.99,92.49%,May 2026,639,871,296
800,532,Cats Organized Neatly,N/A,$1.99,93.52%,Oct 2020,"4,524","4,839",296
801,846,Ambidextro,N/A,$4.99,92.66%,Mar 2025,"3,137","1,409",295
802,731,Sakuya Izayoi Gives You Advice And Dabs,N/A,$0.89,92.94%,Feb 2020,"1,438","2,425",293
803,328,Milk outside a bag of milk outside a bag of milk,N/A,$4.99,94.33%,Dec 2021,"23,260","22,378",291
804,982,A Shelter Full of Cats,-30%,$2.03,92.34%,Dec 2024,"1,249","1,256",287
805,361,Marco & The Galaxy Dragon,-80%,$2.09,94.13%,Feb 2020,"12,657","7,870",287
806,993,Catechesis Demo,N/A,Free,92.32%,Jun 2026,—,704,286
807,563,Class of '09: The Re-Up,N/A,$14.99,93.43%,Jun 2023,"9,344","4,772",284
808,613,Wagotabi: A Japanese Journey,N/A,$5.79,93.28%,Aug 2025,"9,578","1,594",281
809,878,Buster JAM! Demo,N/A,Free,92.61%,Oct 2025,—,"1,058",277
810,528,Insaniquarium Deluxe,N/A,$4.99,93.53%,Aug 2006,"7,144","6,842",277
811,818,Our Brief Eternity,N/A,$3.29,92.74%,Jul 2026,"1,595",789,275
812,478,Walkabout Mini Golf VR,-30%,$8.74,93.68%,Jul 2021,"6,084","3,361",274
813,497,Capsule Lover,N/A,$2.69,93.63%,Jun 2026,827,"1,636",273
814,990,Yasuke Simulator,N/A,$6.99,92.32%,Mar 2025,"6,808","2,045",271
815,741,DEEP SPACE WAIFU,N/A,—,92.92%,May 2017,"14,749","7,992",268
816,314,第七号列车 - Train No. 7,N/A,Free,94.39%,Aug 2021,"4,420","7,028",263
817,402,Tinykin,-80%,$2.49,93.96%,Aug 2022,"8,634","4,330",262
818,651,Touhou Fuujinroku ~ Mountain of Faith.,N/A,$7.99,93.17%,Aug 2007,"5,260","1,680",257
819,836,Tukoni: Forest Keepers,-32%,$5.87,92.68%,Aug 2026,"4,312",771,256
820,810,Onikura Demo,N/A,Free,92.76%,Sep 2024,—,"1,370",256
821,781,Sorry We're Closed,-40%,$7.19,92.81%,Nov 2024,"10,584","2,020",254
822,42,Poco,N/A,Free,96.25%,May 2025,"3,881","9,945",251
823,770,DOTOKOI / 像素男友,N/A,Free,92.84%,Dec 2019,"1,926","1,171",250
824,538,Don't Escape: 4 Days to Survive,-80%,$1.59,93.51%,Mar 2019,"8,583","2,804",249
825,424,Sucker for Love: First Date,N/A,$9.99,93.86%,Jan 2022,"10,935","3,020",247
826,97,Project Kat - Paper Lily Prologue,N/A,Free,95.64%,Oct 2021,"9,425","5,918",238
827,260,BRAZILIAN DRUG DEALER 3: I OPENED A PORTAL TO HELL IN THE FAVELA TRYING TO REVIVE MIT AIA I NEED TO CLOSE IT,N/A,$2.99,94.64%,Sep 2025,"8,384","8,757",237
828,188,Tales of the Black Forest,N/A,$3.99,94.99%,Sep 2019,"10,249","15,498",237
829,211,Summer Pockets,N/A,$20.99,94.86%,Jun 2018,"17,108","4,960",236
830,813,Rakuen,N/A,$14.99,92.75%,May 2017,"18,109","5,934",235
831,409,Mad Father,-50%,$2.89,93.94%,Sep 2016,"20,035","6,786",233
832,580,TY the Tasmanian Tiger,N/A,$7.99,93.39%,Dec 2016,"12,749","2,730",230
833,251,Alba: A Wildlife Adventure,N/A,$7.99,94.68%,Dec 2020,"14,324","8,368",229
834,80,Grimm's Hollow,N/A,Free,95.83%,Oct 2019,"14,185","14,614",221
835,462,Frog Detective 3: Corruption at Cowboy County,N/A,$2.99,93.75%,Oct 2022,"2,263","2,097",220
836,987,PUMPKIN PANIC,N/A,Free,92.32%,Oct 2024,"3,841","4,070",213
837,727,像素女友,N/A,Free,92.95%,Aug 2020,"1,919","1,396",212
838,845,Peggle™ Nights,N/A,$4.99,92.66%,Oct 2008,"2,545","3,434",211
839,970,Neon Beats,N/A,Free,92.37%,May 2019,"5,781","6,568",210
840,271,Gravitas,N/A,Free,94.61%,Aug 2019,"6,550","7,138",209
841,261,Illusion Carnival,N/A,Free,94.64%,Jul 2024,"12,243","7,412",205
842,911,DEVIL BLADE REBOOT,N/A,$8.49,92.51%,May 2024,"3,339",847,202
843,636,Aokana - Four Rhythms Across the Blue - EXTRA1,N/A,$8.99,93.21%,Nov 2020,"4,625","1,733",199
844,760,Brutal Orchestra,N/A,$10.49,92.86%,Dec 2021,"5,070","2,099",198
845,757,UNDERDOGS,-33%,$10.04,92.87%,Jan 2024,"11,485","2,931",198
846,662,Chop Goblins,-60%,$1.19,93.15%,Dec 2022,"2,865","3,226",198
847,441,Beacon Pines,N/A,$10.49,93.80%,Sep 2022,"13,618","4,505",198
848,324,Ye Guild Clerk!,N/A,Free,94.36%,Oct 2025,"1,170","2,267",198
849,450,There Is No Game: Jam Edition 2015,N/A,Free,93.78%,Mar 2020,"4,317","7,538",197
850,703,Pages of Time: Prologue,N/A,Free,93.01%,Nov 2022,"5,491","2,968",196
851,140,A Castle Full of Cats,N/A,$2.40,95.28%,Nov 2022,"2,814","4,528",196
852,319,Handshakes,N/A,Free,94.38%,Jan 2023,852,"2,921",195
853,21,The WereCleaner,N/A,Free,96.59%,May 2024,"5,846","13,229",193
854,898,Boomerang Fu,N/A,$8.55,92.55%,Aug 2020,"9,810","3,053",192
855,295,Smushi Come Home,N/A,$10.49,94.51%,Jun 2023,"9,257","2,803",189
856,267,Aventura Copilului Albastru și Urât,N/A,$1.99,94.63%,Feb 2021,"1,888","2,534",187
857,930,Money for Girls: Amortized,N/A,$8.16,92.47%,Aug 2026,"3,540",804,186
858,882,"Take me, Vitaly",N/A,$3.49,92.60%,Nov 2024,"6,912","1,249",186
859,701,Hylics 2,N/A,$7.99,93.02%,Jun 2020,"10,097","3,566",186
860,535,missed messages.,N/A,Free,93.51%,May 2019,"13,346","15,550",184
861,368,The Test: Hypothesis Rising,N/A,$1.99,94.11%,Apr 2020,630,"5,928",184
862,612,Stray Cats in Cozy Town,N/A,Free,93.28%,Aug 2024,"1,310","1,774",180
863,531,Sayonara Wild Hearts,N/A,$7.29,93.52%,Dec 2019,"14,262","8,936",180
864,924,Primordia,N/A,$5.79,92.48%,Dec 2012,"12,262","3,441",178
865,557,Princess Remedy in a World of Hurt,N/A,Free,93.45%,Dec 2014,"6,964","2,923",177
866,574,Dreamlike Love with Seira,N/A,$3.99,93.40%,Aug 2024,"4,750","1,662",175
867,452,Ticy Adventure Club,N/A,Free,93.78%,Dec 2022,"3,889","3,267",175
868,407,Vampires' Melody,N/A,$2.49,93.95%,Oct 2020,"8,708","5,730",174
869,980,Spooky's Jump Scare Mansion: HD Renovation,N/A,$5.79,92.34%,Mar 2017,"7,080","4,011",173
870,747,Stella of The End,N/A,$10.49,92.91%,Sep 2023,"9,014","3,197",173
871,977,[Nightmare Files] Clap Clap,N/A,Free,92.35%,Jun 2024,"2,154","5,341",171
872,904,SUPER CHICKEN JUMPER,N/A,$1.99,92.53%,Sep 2021,"5,612","5,374",171
873,679,Nicotine VS Fulanwang,N/A,Free,93.09%,Dec 2024,815,"2,557",171
874,639,The Pedestrian,N/A,$10.49,93.20%,Jan 2020,"16,486","6,112",170
875,746,Metal Garden,N/A,$3.59,92.91%,Mar 2025,"7,076","4,538",169
876,907,我只是想让她们都幸福,N/A,$5.79,92.53%,Nov 2025,900,"1,923",167
877,629,420BLAZEIT 2: GAME OF THE YEAR -=Dank Dreams and Goated Memes=- [#wow/11 Like and Subscribe] Poggerz Edition,N/A,$6.29,93.23%,Nov 2024,"2,784","1,685",165
878,611,月影魅像-解放之羽-,N/A,$15.99,93.28%,Jul 2019,"8,265","3,844",163
879,541,候鸟,N/A,$6.29,93.50%,Jan 2023,"3,256","3,975",162
880,356,Horse Magnifier: The Full Horse,N/A,$2.19,94.16%,Aug 2026,"1,352","1,620",160
881,900,DOOM II,N/A,—,92.54%,May 1994,"9,928","9,058",159
882,287,BAD END THEATER,N/A,$5.79,94.54%,Oct 2021,"12,901","10,050",159
883,949,OnlyCans: Thirst Date,N/A,Free,92.43%,Feb 2021,"2,349","4,090",156
884,862,Swallow the Sea,N/A,Free,92.63%,Sep 2021,"1,861","2,462",156
885,889,NOeSIS01_诉说谎言记忆物语,N/A,Free,92.57%,Mar 2020,"6,379","1,550",155
886,805,Northern Journey,N/A,$11.99,92.77%,Aug 2021,"5,268","3,707",153
887,451,Star Fetchers,N/A,Free,93.78%,Jan 2020,"10,043","7,392",152
888,941,Oasis Driver for Windows Mixed Reality,N/A,Free,92.45%,Aug 2025,"1,585",946,151
889,857,Save Room - Organization Puzzle,N/A,$2.99,92.64%,Apr 2022,"1,937","2,491",147
890,721,Unreal Tournament: Game of the Year Edition,N/A,—,92.96%,Oct 2000,"9,802","4,459",147
891,719,AVICII Invector,N/A,$10.49,92.97%,Dec 2019,"4,929","3,387",146
892,942,Ticy Adventure Club : Queen of the Spring,N/A,Free,92.45%,Apr 2025,456,889,145
893,708,Sani Yang's Laboratory,-25%,$9.36,92.99%,Sep 2025,"6,005","1,171",143
894,658,Lily's Well,N/A,Free,93.16%,Jan 2022,"2,124","2,661",140
895,502,The Room VR: A Dark Matter,-75%,$3.12,93.61%,Mar 2020,"12,063","4,021",139
896,281,"Control, I'm Not Coming Back",N/A,Free,94.56%,May 2026,"1,850","6,307",138
897,331,Dialtown: Phone Dating Sim,N/A,$1.40,94.31%,Feb 2022,"4,076","2,256",135
898,177,Hylics,N/A,$1.99,95.04%,Oct 2015,"8,475","9,097",134
899,381,Post Void,N/A,$2.99,94.05%,Aug 2020,"8,438","12,398",133
900,835,Feeding Frenzy 2 Deluxe,N/A,$4.99,92.68%,Aug 2006,"3,359","2,770",132
901,310,Milk inside a bag of milk inside a bag of milk,N/A,$1.05,94.41%,Aug 2020,"12,473","34,335",132
902,374,The Void Rains Upon Her Heart,N/A,$4.49,94.08%,Feb 2018,"2,600","2,008",131
903,347,The Test: Final Revelation,N/A,$1.99,94.22%,Oct 2020,546,"5,368",131
904,704,Fractal Block World,N/A,$3.99,93.01%,Oct 2021,"2,187","1,596",130
905,929,IRMÃO Grande & Brasileiro 2,N/A,$19.99,92.47%,Oct 2021,"1,450","1,505",128
906,755,Strawberry Chocolate,N/A,Free,92.88%,May 2025,454,936,128
907,996,Mitoza,N/A,Free,92.31%,Mar 2021,"1,887","3,905",126
908,787,Travellin Cats in Bali,N/A,$0.89,92.80%,Sep 2023,679,"1,413",126
909,571,PROJECT MIX: VR Cyberpunk Bartending Demo,N/A,Free,93.41%,Apr 2025,—,"1,157",121
910,263,planetarian HD,N/A,$5.79,94.64%,May 2017,"11,047","3,463",120
911,928,Dogs Organized Neatly,N/A,$1.99,92.47%,Nov 2021,"1,535","1,506",119
912,503,Mesmalie,N/A,$5.79,93.61%,Jul 2026,"1,837","1,181",119
913,414,Super Lesbian Animal RPG,-50%,$3.99,93.91%,Dec 2022,"3,988","1,941",119
914,307,BABBDI,N/A,Free,94.42%,Dec 2022,"3,352","8,704",117
915,215,Felvidek,N/A,$6.29,94.80%,Mar 2024,"16,777","6,051",115
916,187,A Building Full of Cats,N/A,$1.90,95.00%,Jul 2022,"1,998","4,490",115
917,220,The Children of Clay,N/A,Free,94.78%,Mar 2025,"1,974","3,997",113
918,967,9-nine-:Episode 4,N/A,$10.49,92.38%,Mar 2021,"3,797","1,495",111
919,419,Alpaca Stacka,N/A,Free,93.89%,Jul 2021,"3,335","6,037",111
920,796,Travellin Cats in Italy,N/A,$0.89,92.78%,Jul 2023,799,"1,955",108
921,164,Purrgatory,N/A,Free,95.12%,Aug 2021,"2,404","5,043",108
922,684,Zodiacats,-50%,$0.60,93.07%,Jan 2022,956,"1,362",107
923,643,Cats and Seek: Osaka,N/A,Free,93.19%,Nov 2023,932,"1,865",107
924,556,BLACK BOX LSS - The Shining Immortal,N/A,Free,93.46%,Oct 2023,"2,418","1,948",105
925,966,COMPOUND,N/A,$19.99,92.38%,Jul 2022,"11,104","2,141",102
926,560,Neighbours from Hell Compilation,N/A,—,93.44%,Feb 2004,"9,908","3,153",101
927,863,Tall Trails,N/A,$5.79,92.63%,Aug 2025,"2,127",721,100
928,550,Epiphyllum in Love,N/A,$2.49,93.47%,Mar 2020,"3,337","2,344",97
929,748,Touhou Kanjuden ~ Legacy of Lunatic Kingdom.,N/A,$7.99,92.90%,Aug 2015,"3,952","1,625",96
930,642,Endless Monday: Dreams and Deadlines,N/A,$5.79,93.19%,May 2023,"5,300","2,008",96
931,517,Tukoni: Prologue,N/A,Free,93.57%,Nov 2020,"5,268","4,010",93
932,674,花火与幽灵少女 - Hanabi and Ghost girl,N/A,Free,93.11%,Feb 2025,"1,037","1,622",92
933,305,The Upturned,N/A,$9.99,94.44%,Mar 2022,"3,545","2,718",92
934,593,The New Flesh,N/A,Free,93.34%,Jun 2025,"2,365","3,322",89
935,621,Orbo's Odyssey,N/A,$2.99,93.26%,Aug 2023,"1,649","1,640",84
936,338,Milo and the Magpies,N/A,$1.49,94.26%,Sep 2021,"3,327","3,438",82
937,777,Zortch,N/A,$1.99,92.82%,Jun 2023,"2,618","1,394",80
938,735,Insomnia: Theater in the Head,N/A,$2.49,92.93%,Dec 2022,"2,446","3,044",80
939,321,Psychopomp,N/A,Free,94.37%,Jan 2024,"4,265","7,696",71
940,534,Sudocats,-50%,$0.60,93.52%,Mar 2022,798,"1,832",70
941,403,Hello Charlotte EP3: Childhood's End,N/A,$2.49,93.96%,Jan 2018,"3,971","3,463",70
942,395,Catgirl,N/A,Free,94.00%,May 2025,943,"2,014",69
943,956,Long Dream,N/A,$6.99,92.42%,Apr 2023,"1,364","1,020",66
944,373,Grimhook,N/A,Free,94.08%,Dec 2023,"1,988","4,201",66
945,622,Linelith,N/A,$1.99,93.26%,May 2022,641,"1,487",65
946,507,Moonleap,N/A,$4.99,93.60%,Apr 2023,"1,859","1,478",64
947,795,planetarian ~the reverie of a little planet~,N/A,—,92.78%,Nov 2004,"8,343","2,029",63
948,558,9-nine-:Episode 2,N/A,$10.49,93.45%,Aug 2019,"6,274","2,001",63
949,850,Dream Ending,N/A,$2.49,92.65%,Jul 2019,"4,140","3,255",62
950,934,PockeDate! - Pocket Dating Simulator,N/A,Free,92.46%,Nov 2024,"2,066","2,645",61
951,269,100 hidden frogs,N/A,Free,94.62%,Nov 2021,"1,051","7,148",58
952,877,daydream 白日夢,N/A,Free,92.61%,Mar 2022,"1,787","1,197",57
953,973,Travellin Cats in Maple Hollow 🍂,N/A,$0.89,92.36%,Nov 2023,518,"1,290",56
954,589,Unsorted Horror,N/A,Free,93.35%,Aug 2023,"2,133","3,693",54
955,262,The Supper,N/A,Free,94.64%,Jan 2020,"3,345","4,443",53
956,998,Higurashi When They Cry Hou - Ch.5 Meakashi,-35%,$2.91,92.31%,Apr 2017,"1,799","1,171",49
957,899,"Shooters, Ready!",N/A,$2.99,92.55%,Mar 2025,"1,218",828,49
958,791,A Taste of the Past,N/A,Free,92.79%,Mar 2022,"1,641","1,782",47
959,883,Higurashi When They Cry Hou - Ch.6 Tsumihoroboshi,-35%,$2.91,92.60%,Jun 2018,"1,490","1,025",46
960,816,Perspective,N/A,Free,92.75%,Apr 2012,671,"1,445",46
961,549,It Steals,N/A,$4.99,93.47%,Jul 2020,"3,081","2,403",46
962,992,Don't Escape Trilogy,-75%,$0.74,92.32%,Jul 2019,"1,623",794,44
963,964,As Long As You're Here,N/A,$5.79,92.39%,Oct 2025,"1,075",555,44
964,602,last seen online,N/A,Free,93.32%,Mar 2024,668,"2,345",44
965,830,Hello Charlotte EP2: Requiem Aeternam Deo,N/A,Free,92.69%,Oct 2016,"4,649","2,431",42
966,851,Chronigma,N/A,Free,92.65%,Nov 2025,153,621,41
967,786,I MAED A GAM3 W1TH Z0MB1ES 1N IT!!!1,N/A,Free,92.80%,Nov 2021,785,"1,837",41
968,758,Hidden in Plain Sight,N/A,$3.59,92.87%,Jul 2014,"1,832",965,34
969,654,Flowers -Le volume sur ete-,N/A,$19.99,93.17%,Jul 2018,"5,569","1,316",34
970,471,"South Scrimshaw, Part One",N/A,Free,93.72%,Jun 2023,"3,361","1,621",32
971,794,Resonance of the Ocean,N/A,Free,92.78%,Jul 2022,"1,720","2,302",29
972,975,Towards Future,N/A,Free,92.36%,Feb 2022,"1,248",776,28
973,940,ARMORED HEAD,N/A,$1.99,92.45%,Jul 2020,"1,231","1,296",24
974,999,Anthology Of The Killer,N/A,$3.99,92.31%,Oct 2024,"1,323",790,22
975,952,Purrfect Apawcalypse: Love at Furst Bite,N/A,$2.99,92.43%,Feb 2021,"1,333",912,22
976,947,坦率的小红帽和爱说谎的狼,N/A,Free,92.44%,Jan 2020,"1,796","1,138",20
977,392,MAHOUTEQ!,N/A,$1.49,94.01%,Sep 2025,856,"1,424",20
978,968,A Space For The Unbound - Prologue,N/A,Free,92.38%,Jan 2020,"3,300","1,320",19
979,457,Seal World,N/A,$2.99,93.77%,Dec 2023,"1,046","1,232",17
980,946,The Test: Secrets of the Soul,N/A,Free,92.44%,Feb 2023,386,"1,567",16
981,974,A YEAR OF SPRINGS,N/A,$2.99,92.36%,Sep 2021,"1,583","1,001",14
982,722,her tears were my light,N/A,$1.99,92.96%,Sep 2022,"1,184",862,5
983,600,Outlast: Whistleblower DLC,N/A,$2.99,93.32%,May 2014,—,"5,550",4
984,881,UNDERTALE Soundtrack,-60%,$3.99,92.60%,Sep 2015,—,"2,287",2
985,997,Euro Truck Simulator 2 - Ukrainian Paint Jobs Pack,N/A,$0.89,92.31%,Mar 2022,—,"1,862",—
986,962,Resident Evil 4 - Separate Ways,N/A,$7.49,92.39%,Sep 2023,—,"8,500",—
987,955,Deep Rock Galactic - Supporter II Upgrade,-70%,$2.39,92.42%,Mar 2023,—,"1,129",—
988,944,PUBG: BATTLEGROUNDS Publisher Sale - Summer Ready Pack,N/A,—,92.44%,Jun 2025,—,"9,081",—
989,923,Devil May Cry 5 - Playable Character: Vergil,N/A,$3.74,92.48%,Dec 2020,—,"4,813",—
990,880,The Witcher 3: Wild Hunt - Expansion Pass,N/A,—,92.60%,May 2015,—,"4,977",—
991,824,Vampire Survivors: Ode to Castlevania,N/A,$2.49,92.72%,Oct 2024,—,"1,948",—
992,779,Baldur's Gate 3 - Digital Deluxe Edition DLC,-30%,$3.84,92.81%,Aug 2023,—,"4,683",—
993,761,Touhou Hero of Ice Fairy DLC1 - Rose Idol,N/A,$1.99,92.86%,Apr 2025,—,828,—
994,707,Clair Obscur: Expedition 33 – Nos Vies En Lumière (Bonus Edition),N/A,Free,93.00%,Jul 2025,—,946,—
995,605,This War of Mine: War Child Charity,N/A,$0.89,93.31%,Mar 2015,—,"1,611",—
996,524,Helltaker: Artbook + Pancake Recipe,N/A,$9.99,93.55%,May 2020,—,"1,070",—
997,475,Doki Doki Literature Club Fan Pack,N/A,$9.99,93.71%,Sep 2017,—,"1,653",—
998,448,The Witcher 3: Wild Hunt - Blood and Wine,N/A,—,93.78%,May 2016,—,"10,262",—
999,294,Forza Horizon 4: Car Pass,N/A,—,94.51%,Mar 2021,—,"6,122",—
