,Rank,Name,Discount Percentage,Game Price,Game Rate,Release Date,Followes,7d Gain
0,1,WARDOGS,N/A,$24.99,79.67%,Sep 2026,"191,427","+35,264"
1,2,Halloween: The Game,N/A,$18.49,67.73%,Sep 2026,"46,977","+12,666"
2,3,Bodycam,N/A,$17.99,78.86%,Jun 2024,"349,425","+10,489"
3,4,Dimraeth,N/A,—,—,Sep 2026,"24,533","+9,953"
4,5,The Blood of Dawnwalker,N/A,$49.99,84.27%,Sep 2026,"141,685","+9,521"
5,6,Aniimo,N/A,Free,—,Sep 2026,"70,080","+9,197"
6,7,Happy Wheels,N/A,—,—,Sep 2026,"8,269","+8,269"
7,8,Valheim,N/A,$14.99,93.08%,Sep 2026,"531,727","+8,003"
8,9,Wanderburg,-35%,$4.86,76.01%,Sep 2026,"35,154","+6,924"
9,10,Counter-Strike 2,N/A,Free,85.60%,Aug 2012,"4,921,870","+6,523"
10,11,How to Fish,N/A,$3.99,93.46%,Aug 2026,"64,152","+6,370"
11,12,Onimusha: Way of the Sword,N/A,$52.99,87.62%,Sep 2026,"76,918","+6,198"
12,13,Drag'n Wash,-10%,$7.69,91.33%,Sep 2026,"9,638","+6,106"
13,14,Welcome to Elderfield,-10%,$8.95,87.73%,Sep 2026,"21,063","+5,999"
14,15,AION 2,N/A,Free,—,Oct 2026,"64,758","+5,780"
15,16,Family Time,N/A,—,—,Q1 2027,"5,003","+5,003"
16,17,Touhou Koumakyou: New Classic - the Embodiment of Scarlet Devil,N/A,$9.95,94.02%,Sep 2026,"14,019","+4,972"
17,18,Emberville,N/A,—,—,Oct 2026,"37,347","+4,487"
18,19,No Man's Sky,-60%,$10.79,84.48%,Aug 2016,"876,044","+4,458"
19,20,Shroom and Gloom,N/A,$8.55,85.46%,Sep 2026,"16,687","+4,061"
20,21,Tiny Eden,-10%,$7.69,70.18%,Sep 2026,"8,233","+4,038"
21,22,Dungeon Settlers,-15%,$10.61,76.23%,Sep 2026,"29,231","+3,793"
22,23,Zeverland,N/A,—,—,Soon,"32,008","+3,429"
23,24,Yu-Gi-Oh! TAG FORCE GX,N/A,$42.49,—,Feb 2027,"3,426","+3,426"
24,25,Dota 2,N/A,Free,80.15%,Jul 2013,"2,548,176","+3,064"
25,26,FINAL FANTASY RESONANCE,N/A,$39.99,—,Oct 2026,"25,731","+3,019"
26,27,EmyLiveShow: Blissful Days of Snow and Marshmallow,N/A,—,—,Sep 2026,"3,030","+3,011"
27,28,Dear Passengers,N/A,—,—,2026,"87,363","+3,010"
28,29,Ignite the Depths,N/A,—,—,2026,"10,980","+2,981"
29,30,Light No Fire,N/A,—,—,TBA,"245,537","+2,901"
30,31,THE DEAD WE KNEW: Open World Survival,N/A,—,—,Sep 2026,"12,098","+2,873"
31,32,STAR WARS Zero Company™,N/A,$49.99,80.79%,Aug 2026,"96,566","+2,861"
32,33,Anime Shop Simulator ✨,-15%,$6.79,69.29%,Sep 2026,"9,946","+2,822"
33,34,Honeycomb: The World Beyond,-15%,$12.31,66.34%,Sep 2026,"20,084","+2,716"
34,35,Creator Chronicles,-49%,$4.88,69.22%,Sep 2026,"6,533","+2,655"
35,36,Graveyard Keeper 2,-20%,$9.99,—,Sep 2026,"48,379","+2,643"
36,37,BOMBANANA!,N/A,$3.99,92.32%,Sep 2026,"29,310","+2,587"
37,38,Active Matter,N/A,—,—,Sep 2026,"38,533","+2,573"
38,39,"Next Girl, Please 🎬",-37%,$5.38,80.40%,Sep 2026,"4,165","+2,530"
39,40,Code: Terraform,-10%,$7.69,78.40%,Sep 2026,"4,745","+2,480"
40,41,Phantom Blade Zero,N/A,$49.99,—,Oct 2026,"105,814","+2,480"
41,42,The Crust,-35%,$8.44,74.52%,Sep 2026,"55,466","+2,445"
42,43,BLACKWOOD,N/A,—,—,Sep 2026,"11,855","+2,441"
43,44,Gamble With Your Friends,-38%,$2.78,87.67%,May 2026,"46,885","+2,428"
44,45,Grand Theft Auto V Enhanced,-50%,$14.99,82.15%,Mar 2025,"198,317","+2,335"
45,46,ArcheAge Chronicles,N/A,—,—,TBA,"42,576","+2,330"
46,47,The Farmer Was Replaced,-20%,$4.63,92.61%,Oct 2025,"46,074","+2,328"
47,48,Warlord: Awaji,-10%,$11.24,71.89%,Sep 2026,"6,336","+2,324"
48,49,Scavland,N/A,$10.49,77.59%,Sep 2026,"20,233","+2,283"
49,50,Crimson Desert Enhanced,N/A,$69.99,82.84%,Mar 2026,"317,996","+2,248"
50,51,Wallpaper Engine,N/A,$2.99,96.82%,Nov 2018,"1,523,286","+2,235"
51,52,The Witcher 3: Wild Hunt - Complete Edition,N/A,$34.99,95.41%,May 2015,"1,043,017","+2,166"
52,53,Euro Truck Simulator 2,N/A,$10.09,96.56%,Oct 2012,"1,384,269","+2,163"
53,54,ELDEN RING,N/A,$39.99,92.40%,Feb 2022,"1,182,523","+2,130"
54,55,The Legend of Fancy Realm Remake,-10%,$12.14,80.75%,Sep 2026,"5,781","+2,129"
55,56,Deep Rock Galactic,-70%,$4.49,96.13%,May 2020,"2,862,082","+2,123"
56,57,Gunman Contracts - Stand Alone,N/A,$12.49,75.37%,Sep 2026,"14,778","+2,103"
57,58,CONTROL Resonant,N/A,$44.99,—,Sep 2026,"45,293","+2,081"
58,59,The Guild 1 Remake: Europa 1410,N/A,—,—,Sep 2026,"32,754","+2,060"
59,60,Humanica,-25%,$5.99,85.27%,Mar 2026,"6,989","+2,053"
60,61,Dumb Ways to Build,N/A,$3.99,77.11%,Sep 2026,"3,059","+2,035"
61,62,Wild West Pioneers,N/A,—,—,Sep 2026,"14,374","+2,009"
62,63,Romancing SaGa 3: Destinies United,N/A,$49.99,—,Feb 2027,"1,992","+1,992"
63,64,ANANTA,N/A,Free,—,Jan 2027,"23,589","+1,983"
64,65,Succubus Nightmare,-10%,$7.69,79.60%,Sep 2026,"4,604","+1,958"
65,66,Dragon Quest Heroes: Torneko's Mystery Dungeon -Classic HD-,N/A,$19.99,45.88%,Sep 2026,"1,942","+1,942"
66,67,Project Zomboid,N/A,$12.49,92.92%,Nov 2013,"618,716","+1,917"
67,68,SPRAWL zero,-20%,$9.99,88.04%,Sep 2026,"9,322","+1,909"
68,69,The Missing Tail,N/A,—,—,TBA,"4,171","+1,888"
69,70,Nivalis Nights,N/A,—,—,Sep 2026,"69,098","+1,858"
70,71,Diablo® IV,-75%,$12.49,64.63%,Oct 2023,"178,264","+1,820"
71,72,METAL SLUG ULTIMATE COLLECTION,N/A,—,—,TBA,"1,785","+1,785"
72,73,Big Walk,N/A,$10.99,93.87%,Aug 2026,"75,801","+1,772"
73,74,The Apothecary Diaries: The False Imperial Brother,N/A,—,—,TBA,"1,770","+1,770"
74,75,TARAE: The Unbound,N/A,—,—,TBA,"10,681","+1,706"
75,76,BeaterCore,-10%,$5.66,76.20%,Sep 2026,"3,110","+1,701"
76,77,The Wandering Earth: The Last Full Moon,N/A,—,—,TBA,"1,699","+1,699"
77,78,"Total War: WARHAMMER 40,000",N/A,—,—,TBA,"133,731","+1,629"
78,79,ExeKiller,N/A,—,—,TBA,"31,670","+1,586"
79,80,"Warhammer 40,000: Space Marine 2",-75%,$9.99,83.16%,Sep 2024,"371,158","+1,571"
80,81,Deadlock,N/A,—,—,TBA,"428,676","+1,567"
81,82,DragonSword : Awakening,N/A,$14.49,87.36%,Jul 2026,"71,504","+1,547"
82,83,The Isle,N/A,$19.99,79.28%,Dec 2015,"272,971","+1,543"
83,84,Alchemy Factory,-20%,$7.43,84.86%,Sep 2026,"26,516","+1,519"
84,85,The Binding of Isaac: Rebirth,N/A,$14.99,95.93%,Nov 2014,"456,201","+1,506"
85,86,Stardew Valley,N/A,$5.99,97.73%,Feb 2016,"1,101,097","+1,499"
86,87,IT Specialist Simulator,-25%,$5.84,70.89%,Nov 2025,"8,170","+1,495"
87,88,Resident Evil Veronica,N/A,—,—,2027,"69,932","+1,485"
88,89,EA SPORTS FC™ 27,N/A,$69.99,—,Sep 2026,"15,424","+1,476"
89,90,Arma 3,-75%,$7.49,89.41%,Sep 2013,"770,084","+1,463"
90,91,Forza Horizon 6,N/A,$48.99,81.27%,May 2026,"327,506","+1,456"
91,92,Scarlet Skips,N/A,$3.29,75.19%,Sep 2026,"9,868","+1,451"
92,93,FINAL FANTASY VII REVELATION,N/A,$59.99,—,Apr 2027,"23,908","+1,447"
93,94,Fable,N/A,$48.99,—,Feb 2027,"138,057","+1,443"
94,95,Left 4 Dead 2,N/A,$5.79,96.79%,Nov 2009,"1,318,902","+1,436"
95,96,Transport Fever 3,N/A,$30.99,—,Sep 2026,"45,938","+1,434"
96,97,Mimic Party,N/A,$4.69,46.48%,Aug 2026,"2,949","+1,432"
97,98,Ready or Not,-50%,$14.49,78.17%,Dec 2023,"572,866","+1,431"
98,99,PUBG: BATTLEGROUNDS,N/A,Free,60.43%,Dec 2017,"3,484,626","+1,430"
99,100,SlashZero,N/A,—,—,Q1 2027,"8,610","+1,424"
100,101,Mortal Shell II,N/A,$34.99,77.02%,Aug 2026,"75,652","+1,424"
101,102,In Falsus,-10%,$16.64,83.19%,Sep 2026,"6,878","+1,416"
102,103,Anymaker,N/A,—,—,Sep 2026,"6,380","+1,414"
103,104,Wild Trail,-16%,$0.76,75.10%,Sep 2026,"1,416","+1,402"
104,105,Grand Theft Auto V Legacy,N/A,—,87.21%,Apr 2015,"3,481,528","+1,402"
105,106,Veterum,-15%,$8.91,79.63%,Sep 2026,"6,544","+1,397"
106,107,Tentacle Locker 2,-20%,$3.19,69.39%,Sep 2026,"2,090","+1,393"
107,108,Rust,-50%,$9.49,86.21%,Feb 2018,"1,327,970","+1,375"
108,109,RuneScape: Dragonwilds,N/A,$19.99,79.90%,Apr 2025,"168,785","+1,372"
109,110,Turing Complete,-20%,$8.79,92.54%,Oct 2021,"38,022","+1,369"
110,111,Angel Investor Simulator™,N/A,—,—,Nov 2026,"1,435","+1,362"
111,112,Database Detective: Minor Crimes Division,-20%,$2.87,91.18%,Jul 2026,"6,307","+1,349"
112,113,Red Dead Redemption 2,N/A,$59.99,91.80%,Dec 2019,"982,774","+1,298"
113,114,HELLDIVERS™ 2,N/A,$39.99,75.17%,Feb 2024,"532,663","+1,288"
114,115,Cyberpunk 2077,N/A,$44.99,85.88%,Dec 2020,"1,609,634","+1,288"
115,116,Lightspeed Lina,N/A,—,—,Soon,"1,277","+1,277"
116,117,Persona 6,N/A,—,—,TBA,"31,040","+1,271"
117,118,Dead by Daylight,N/A,$14.99,77.87%,Jun 2016,"1,729,164","+1,270"
118,119,Atomic Heart,-80%,$7.99,79.67%,Feb 2023,"248,909","+1,258"
119,120,GUNDAM ROGUE ORBIT,N/A,$39.59,—,Mar 2027,"15,741","+1,256"
120,121,theHunter: Call of the Wild™,-85%,$1.57,88.10%,Feb 2017,"604,263","+1,252"
121,122,Machine Party,-20%,$3.59,84.04%,Jul 2026,"29,918","+1,241"
122,123,Mayhem À La Carte,N/A,—,—,2027,"1,212","+1,212"
123,124,Afterworld,N/A,—,—,TBA,"16,479","+1,212"
124,125,Stage Fright,N/A,—,—,TBA,"15,052","+1,204"
125,126,Palworld,N/A,$14.99,93.70%,Jul 2026,"667,595","+1,191"
126,127,Borderlands 4,-50%,$34.99,57.45%,Sep 2025,"167,982","+1,181"
127,128,Ashes of the Singularity II,N/A,—,—,Soon,"11,770","+1,179"
128,129,PRAGMATA,-20%,$35.99,94.79%,Apr 2026,"172,199","+1,175"
129,130,Call of Duty®: Black Ops III,-75%,$14.99,84.32%,Nov 2015,"430,467","+1,174"
130,131,Tower Lab,-10%,$4.49,68.18%,Sep 2026,"4,236","+1,168"
131,132,METRO 2039,N/A,—,—,Feb 2027,"76,106","+1,167"
132,133,Eternal Anima,N/A,—,—,Mar 2027,"1,165","+1,165"
133,134,SILENT HILL: Townfall,N/A,$42.49,—,Sep 2026,"19,589","+1,163"
134,135,Professional Ship Simulator,N/A,—,—,Sep 2026,"7,215","+1,145"
135,136,Marvel Rivals,N/A,Free,75.09%,Dec 2024,"267,299","+1,145"
136,137,MECCHA CHAMELEON,N/A,$3.99,86.32%,Jun 2026,"167,436","+1,129"
137,138,Resident Evil 4,-75%,$7.49,96.27%,Mar 2023,"322,881","+1,128"
138,139,Lustpunk 69,-20%,$7.19,79.62%,Sep 2026,"3,211","+1,122"
139,140,LEGO® Skylines,N/A,—,—,Soon,"16,940","+1,118"
140,141,AGGRO,N/A,—,—,Soon,"1,107","+1,099"
141,142,shapez 2 - Factory,-50%,$5.49,94.38%,Apr 2026,"56,858","+1,092"
142,143,F1® 25,-30%,$34.99,85.24%,May 2025,"57,840","+1,089"
143,144,Orc Incremental,-15%,$4.24,72.76%,Sep 2026,"3,653","+1,076"
144,145,puzzlez - a shapez game,N/A,—,—,TBA,"1,119","+1,073"
145,146,Monster Hunter Wilds,-25%,$22.49,49.31%,Feb 2025,"536,421","+1,073"
146,147,Probably Stolen - Cyberpunk Shopkeeper Sim,N/A,—,—,Oct 2026,"8,295","+1,069"
147,148,Ardem,N/A,—,—,2026,"69,229","+1,052"
148,149,Danganronpa 2x2,N/A,—,—,2027,"19,857","+1,051"
149,150,I'm Not Sex King,-20%,$3.99,70.06%,Sep 2026,"2,026","+1,050"
150,151,DEATH STRANDING DIRECTOR'S CUT,-75%,$4.74,90.75%,Mar 2022,"117,888","+1,043"
151,152,Warlock: Dungeons & Dragons,N/A,—,—,2027,"20,433","+1,042"
152,153,inZOI,-20%,$19.99,76.13%,Mar 2025,"440,367","+1,042"
153,154,Forsworn,-20%,$7.27,84.39%,Sep 2026,"2,512","+1,022"
154,155,TACOS - The Adventurous Couple's Original Story Season 1,-10%,$6.29,67.85%,Sep 2026,"2,726","+1,020"
155,156,Battlefield™ 6,N/A,$69.99,63.57%,Oct 2025,"423,167","+1,008"
156,157,NBA 2K27,N/A,$69.99,52.00%,Sep 2026,"8,768","+1,006"
157,158,Dressmaker,N/A,—,—,Sep 2026,"10,623","+1,006"
158,159,Once Human,N/A,Free,78.17%,Jul 2024,"297,676","+1,005"
159,160,Assetto Corsa,-75%,$2.62,91.73%,Dec 2014,"391,223","+1,005"
160,161,Sunken Realms,N/A,—,—,Sep 2026,"2,831","+1,003"
161,162,Shift At Midnight,N/A,$6.29,85.48%,Jul 2026,"44,280",+994
162,163,EXODUS,N/A,—,—,Apr 2027,"41,012",+989
163,164,The Expanse: Osiris Reborn,N/A,—,—,Q2 2027,"85,682",+987
164,165,Farming Simulator 25,N/A,$19.49,85.90%,Nov 2024,"140,821",+983
165,166,No More Room in Hell 2,N/A,$14.99,56.45%,Aug 2026,"105,091",+977
166,167,ACE COMBAT 8: WINGS OF THEVE,N/A,$46.19,—,Oct 2026,"45,952",+968
167,168,Black Myth: Wukong,N/A,$59.99,95.80%,Aug 2024,"1,467,589",+956
168,169,Survivor's Notes,-10%,$4.22,85.12%,Sep 2026,"1,142",+949
169,170,Maneater 2,N/A,—,—,2027,"3,857",+934
170,171,ReStory: Chill Electronics Repairs,N/A,$9.99,92.49%,Aug 2026,"47,628",+930
171,172,HOT WHEELS™ Infinite Rush,N/A,$49.99,67.09%,Sep 2026,"3,539",+912
172,173,"Sex, Secrets & Used Tech",N/A,$9.55,81.74%,Jun 2026,"38,062",+907
173,174,Bongo Cat,N/A,Free,95.16%,Mar 2025,"936,107",+907
174,175,Stripjong - Super Real Mahjong Venus Returns,N/A,$18.06,76.46%,Aug 2026,"9,819",+902
175,176,Apocalypter,N/A,—,—,Sep 2026,"2,441",+897
176,177,Terraria,N/A,$5.79,96.73%,May 2011,"960,834",+897
177,178,Solasta II,-20%,$15.99,73.40%,Mar 2026,"63,229",+895
178,179,Call of Duty®,N/A,—,58.40%,Oct 2022,"709,242",+893
179,180,Rehaunted,-10%,$4.49,—,Sep 2026,"2,455",+889
180,181,Guild Wars 3™,N/A,—,—,TBA,"65,274",+887
181,182,Tianji: Shadow of the Ancients,N/A,—,—,TBA,886,+886
182,183,With Your Coworker,N/A,$0.90,79.77%,Jun 2026,"34,081",+883
183,184,Baldur's Gate 3,N/A,$34.99,96.02%,Aug 2023,"1,016,911",+883
184,185,Corsair Cove,N/A,$19.99,82.49%,Jul 2026,"55,149",+882
185,186,Heroes of Might and Magic III Remake,N/A,—,—,2027,"15,113",+880
186,187,Resident Evil Requiem,-30%,$36.74,94.76%,Feb 2026,"264,276",+880
187,188,Survival Log,N/A,$6.69,79.58%,Aug 2026,"13,619",+879
188,189,Crimson Freedom,N/A,—,—,TBA,"3,861",+878
189,190,Planet Zoo 2,N/A,$22.99,—,Oct 2026,"27,254",+876
190,191,R.E.P.O.,-35%,$3.24,95.07%,Feb 2025,"331,457",+872
191,192,The Lantern of the Laughless Saint,N/A,$10.99,85.48%,Aug 2026,"24,604",+871
192,193,Mandate Order,N/A,$9.99,77.48%,Aug 2026,"22,226",+869
193,194,War Thunder,N/A,Free,63.86%,Aug 2013,"589,097",+867
194,195,ARK: Survival Ascended,N/A,$44.99,59.63%,Oct 2023,"292,128",+865
195,196,The Sims™ 4,N/A,Free,85.42%,Sep 2014,"522,742",+856
196,197,Resonance: A Plague Tale Legacy,N/A,$34.99,89.52%,Aug 2026,"34,217",+850
197,198,Cities: Skylines II,N/A,$34.99,55.70%,Oct 2023,"376,288",+848
198,199,Doomsday Landlord,N/A,—,—,Soon,842,+841
199,200,PEAK,N/A,$3.99,93.52%,Jun 2025,"198,612",+828
200,201,Sex-Pop Demon Hunters,-15%,$5.94,83.28%,Sep 2026,"7,343",+827
201,202,Permafrost,N/A,—,—,Oct 2026,"34,401",+827
202,203,BeamNG.drive,N/A,$12.49,96.24%,May 2015,"486,174",+825
203,204,RV There Yet?,-40%,$2.69,88.87%,Oct 2025,"132,941",+819
204,205,Monster Alchemy,-15%,$8.91,81.29%,Sep 2026,"2,112",+812
205,206,Team Fortress 2,N/A,Free,90.44%,Oct 2007,"1,456,335",+804
206,207,HackHub - Ultimate Hacker Simulator,-20%,$5.27,83.67%,Aug 2026,"13,387",+802
207,208,Scam With Your Friends,N/A,—,—,Nov 2026,845,+800
208,209,Breathedge 2,N/A,$10.99,82.27%,Aug 2026,"37,972",+799
209,210,DRAGON QUEST MONSTERS: The Withered World,N/A,$49.99,—,Dec 2026,"3,855",+794
210,211,Tech Support: Error Unknown,-82%,$1.04,70.04%,Feb 2019,"6,093",+794
211,212,[WoG] War of Genesis: Idle Loot,N/A,Free,57.30%,Sep 2026,"1,269",+793
212,213,Overwatch®,N/A,Free,32.07%,Aug 2023,"130,666",+793
213,214,Chill with You : SHIOI's Sparkling Scenes,N/A,—,—,Soon,790,+790
214,215,Zenless Zone Zero,N/A,Free,85.72%,Jun 2026,"34,708",+784
215,216,Hearts of Iron IV,N/A,$34.99,87.86%,Jun 2016,"498,312",+779
216,217,Crimson Moon,N/A,$13.99,58.84%,Sep 2026,"27,860",+771
217,218,007 First Light,-20%,$31.99,89.70%,May 2026,"118,521",+767
218,219,Among the Trolls,N/A,—,—,Oct 2026,"15,540",+761
219,220,CRUMB Circuit Simulator,-25%,$6.74,74.97%,Nov 2022,"11,763",+757
220,221,KINGDOM HEARTS IV,N/A,—,—,2027,"11,841",+757
221,222,MELTY BLOOD: TWI-LUMINA,N/A,—,—,Apr 2027,748,+748
222,223,The Loopler,-10%,$8.99,84.64%,Sep 2026,"3,273",+746
223,224,RIG Riot,N/A,—,—,Sep 2026,"4,219",+740
224,225,Escape from Tarkov,N/A,$19.99,49.34%,Nov 2025,"138,724",+740
225,226,Castlevania: Belmont's Curse,N/A,$25.49,—,Oct 2026,"29,220",+739
226,227,OpenFront,N/A,—,—,Sep 2026,"10,854",+738
227,228,GON: God Of Nothing,N/A,$4.99,70.98%,Aug 2026,800,+736
228,229,Trails in the Sky 2nd Chapter,N/A,—,—,Sep 2026,"12,611",+725
229,230,Delta Force,N/A,Free,57.56%,Dec 2024,"344,346",+720
230,231,Tides of Annihilation,N/A,—,—,Soon,"67,847",+717
231,232,Path of Exile 2,N/A,$29.99,74.35%,Dec 2024,"396,043",+709
232,233,Dumpster Gang,N/A,—,—,Dec 2026,"3,887",+706
233,234,Mount & Blade II: Bannerlord,N/A,$19.99,86.84%,Oct 2022,"914,504",+706
234,235,Minecraft Dungeons II,N/A,$20.99,—,Sep 2026,"19,588",+696
235,236,Big Ambitions,N/A,$12.56,89.72%,Aug 2026,"76,830",+694
236,237,Subnautica 2,N/A,$20.99,89.88%,May 2026,"483,696",+685
237,238,Marvel's Spider-Man 2,N/A,$59.99,82.18%,Jan 2025,"114,844",+684
238,239,Wolcen 2,N/A,—,—,TBA,"7,168",+682
239,240,Muramasa: Revenant Blades,N/A,—,—,Feb 2027,"8,133",+682
240,241,Chronicles: Medieval,N/A,—,—,2027,"79,899",+681
241,242,Under a Rock,N/A,—,—,TBA,"41,567",+677
242,243,IRON NEST: Heavy Turret Simulator,N/A,$9.99,95.12%,Aug 2026,"67,633",+677
243,244,Sid Meier's Civilization VII,-50%,$34.99,47.39%,Feb 2025,"247,485",+673
244,245,DELTARUNE,N/A,$12.49,96.71%,Jun 2025,"207,028",+670
245,246,Swords & Slippers,N/A,—,—,TBA,"22,686",+667
246,247,ARK: Survival Evolved,N/A,$14.99,82.77%,Aug 2017,"1,675,468",+666
247,248,Monster Hunter Stories 3: Twisted Reflection,-30%,$36.74,75.03%,Mar 2026,"42,093",+665
248,249,Funnel Runners,N/A,$3.59,80.92%,Jul 2026,"31,091",+663
249,250,Sephiria,N/A,$9.95,91.81%,Jul 2026,"22,911",+660
250,251,Ved: Recure,N/A,—,—,Sep 2026,"5,024",+658
251,252,Tropical Lust,-10%,$7.69,64.73%,Sep 2026,"4,070",+657
252,253,Journey to Echo,-10%,$3.59,49.06%,Sep 2026,"1,400",+656
253,254,Another Eden Begins,N/A,—,—,Sep 2026,"4,388",+653
254,255,Sally Face 2,N/A,—,—,TBA,"14,271",+651
255,256,Persist Online,N/A,Free,—,Soon,"10,686",+650
256,257,Railborn,N/A,—,—,TBA,"56,092",+650
257,258,Stupid Never Dies,N/A,$49.99,—,Oct 2026,"9,715",+649
258,259,Apex Legends™,N/A,Free,67.50%,Nov 2020,"611,881",+646
259,260,METAL GEAR SOLID 4: Guns of the Patriots - Master Collection Version,N/A,$25.49,92.50%,Aug 2026,"6,332",+645
260,261,Room 404: Erotic Massage,N/A,—,—,Sep 2026,"3,524",+641
261,262,Bloodstained: The Scarlet Engagement,N/A,—,—,2027,"10,585",+641
262,263,Garry's Mod,-50%,$2.89,96.19%,Nov 2006,"822,378",+639
263,264,Hunt: Showdown 1896,-60%,$5.99,73.17%,Aug 2019,"508,779",+634
264,265,Dungeons & Dragons: Long Rest Tavern,N/A,—,—,2027,"4,696",+632
265,266,Jiahao,-30%,$1.53,79.87%,Sep 2026,"1,537",+630
266,267,Lifeguard Holic,N/A,—,—,Sep 2026,"7,213",+628
267,268,Wartales,-72%,$5.03,84.09%,Apr 2023,"210,009",+628
268,269,Duskers,-50%,$5.24,86.58%,May 2016,"29,952",+626
269,270,Monster Hunter: World,-74%,$5.84,87.48%,Aug 2018,"909,521",+626
270,271,Witchbrook,N/A,—,—,2026,"115,189",+625
271,272,Sandustry,N/A,$7.99,93.60%,Aug 2026,"20,098",+624
272,273,The Starborn Return,-10%,$6.02,74.14%,Sep 2026,"1,889",+622
273,274,Fantasy Bird Woods,N/A,$2.69,—,Sep 2026,643,+619
274,275,Train Sim World® 7,-10%,$20.69,69.27%,Sep 2026,"2,524",+619
275,276,Surviving Mars: Relaunched,-50%,$11.99,54.16%,Nov 2025,"18,241",+619
276,277,Endacopia,N/A,$9.28,95.62%,Jul 2026,"15,636",+616
277,278,Combolands: Roguelike Citybuilder,N/A,$6.29,92.27%,Aug 2026,"5,823",+609
278,279,Tom Clancy's Rainbow Six Siege,N/A,Free,81.69%,Dec 2015,"1,306,716",+608
279,280,Frostrail,N/A,—,—,Q4 2026,"33,377",+604
280,281,Whiskerwood,-50%,$7.49,88.81%,Nov 2025,"44,587",+601
281,282,Golden Swirl,-20%,$8.79,83.52%,Sep 2026,"3,262",+600
282,283,S.T.A.L.K.E.R. 2: Heart of Chornobyl,N/A,$42.99,78.72%,Nov 2024,"379,961",+599
283,284,Ritual Tides,N/A,—,—,Soon,"3,263",+589
284,285,Arknights: Endfield,N/A,Free,—,Soon,"7,637",+589
285,286,Chalk Warfare,N/A,—,—,Soon,"3,016",+586
286,287,Cosmic Fear,-15%,$9.34,73.32%,Sep 2026,"3,035",+586
287,288,Winx Club - Moonlight Quest,N/A,—,—,Nov 2026,584,+584
288,289,Starfinder: Afterlight,N/A,—,—,2026,"10,222",+583
289,290,Soulframe,N/A,Free,—,Soon,"74,312",+583
290,291,Yandere Virus,N/A,—,—,Sep 2026,"2,573",+581
291,292,Fate/EXTRA Record,N/A,—,—,Jan 2027,"2,772",+581
292,293,"Warhammer 40,000: Dawn of War IV",-10%,$40.49,—,Dec 2026,"89,602",+581
293,294,World of Eggs: Idle Adventures,N/A,Free,55.60%,Jul 2026,"1,588",+580
294,295,Sovereign Tower,N/A,$10.99,89.67%,Aug 2026,"14,587",+577
295,296,Dungeon Automata,N/A,—,—,2026,"1,946",+572
296,297,DEATH STRANDING 2: ON THE BEACH,N/A,$69.99,93.12%,Mar 2026,"78,345",+572
297,298,DayZ,N/A,$49.99,77.32%,Dec 2018,"711,652",+568
298,299,Total War: WARHAMMER III,N/A,$49.99,70.94%,Feb 2022,"316,428",+566
299,300,Otterly Lost,N/A,—,—,Sep 2026,"2,556",+565
300,301,Neat!,-30%,$4.19,74.99%,Sep 2026,"1,479",+564
301,302,Warrior Cats: Clans of the Forest,N/A,—,—,Oct 2026,"8,148",+563
302,303,VEIN,N/A,$10.99,85.68%,Oct 2025,"118,402",+563
303,304,Stranded with You,N/A,—,—,Sep 2026,"2,123",+557
304,305,Bus Simulator 27,N/A,$14.49,56.78%,Sep 2026,"7,542",+555
305,306,VHOLUME,N/A,$5.00,93.06%,Aug 2026,"11,755",+554
306,307,Slay the Spire 2,N/A,$11.99,57.26%,Mar 2026,"191,304",+554
307,308,Nomad Drive,N/A,—,—,Sep 2026,"13,149",+553
308,309,Pax Autocratica,N/A,$14.49,88.29%,Aug 2026,"56,240",+553
309,310,Maskborne,N/A,—,—,TBA,"1,247",+552
310,311,Grounded 2,N/A,$20.99,79.71%,Jul 2025,"116,256",+550
311,312,HITMAN World of Assassination,-90%,$1.49,86.00%,Jan 2022,"143,203",+549
312,313,ZeroSpace,N/A,$18.49,77.11%,Jul 2026,"41,754",+544
313,314,NO LAW,N/A,—,—,2027,"38,383",+543
314,315,American Truck Simulator,N/A,$10.09,95.64%,Feb 2016,"510,139",+542
315,316,RimWorld,N/A,$17.99,96.71%,Oct 2018,"647,196",+542
316,317,Sniper Elite 5,-90%,$2.29,82.25%,May 2022,"91,214",+540
317,318,"HimaNatsu: Of Churches, Sunflowers, and Long Summers",-20%,$13.19,81.81%,Sep 2026,"1,018",+538
318,319,Beautiful Light,N/A,—,—,Dec 2026,"70,469",+537
319,320,The Elder Scrolls V: Skyrim Special Edition,N/A,$23.99,91.31%,Oct 2016,"568,465",+532
320,321,Assassin's Creed Black Flag Resynced,N/A,$47.99,79.16%,Jul 2026,"105,814",+531
321,322,Kingdom Come: Deliverance II,N/A,$44.99,92.81%,Feb 2025,"339,711",+531
322,323,Arma Reforger,N/A,$24.99,78.77%,Nov 2023,"133,652",+530
323,324,Manor Lords,N/A,$19.99,83.03%,Apr 2024,"567,385",+529
324,325,Street Fighter™ 6,N/A,$29.99,81.00%,Jun 2023,"183,071",+527
325,326,Persona 4 Revival,N/A,$69.99,—,Feb 2027,"55,423",+526
326,327,SnowRunner,N/A,$20.99,88.60%,May 2021,"151,959",+526
327,328,Thousand Hells: The Underworld Heists,-10%,$11.24,68.01%,Sep 2026,"2,517",+525
328,329,Cat Me If You Can,-10%,$8.95,84.32%,Sep 2026,"2,132",+524
329,330,Game of Thrones: War for Westeros,N/A,—,—,2027,"30,862",+524
330,331,CarX Rally,N/A,—,—,Soon,521,+521
331,332,Kernel Hearts,N/A,—,—,Sep 2026,"7,152",+521
332,333,Fields of Mistria,N/A,$7.79,95.02%,Aug 2026,"145,736",+518
333,334,Windrose,N/A,$14.99,85.47%,Apr 2026,"259,300",+512
334,335,Monster Cuisine,N/A,—,—,Soon,511,+511
335,336,Cat Mail Co.,-25%,$8.17,89.26%,Jul 2026,"17,107",+511
336,337,Sniper Elite: Resistance,-60%,$9.19,73.71%,Jan 2025,"34,115",+511
337,338,The Hidden Ones,N/A,—,—,Soon,733,+509
338,339,DRAGON BALL XENOVERSE 3,N/A,—,—,2027,"19,733",+504
339,340,Diablo II: Resurrected – Infernal Edition,-30%,$27.99,83.85%,Feb 2026,"35,728",+504
340,341,Tears of Metal,N/A,$12.49,82.52%,Jul 2026,"48,805",+502
341,342,Nighthawks,N/A,—,—,Sep 2026,"2,566",+501
342,343,ArmorSim,N/A,—,—,Sep 2026,797,+500
343,344,Rogue Blight,-10%,$6.29,85.44%,Sep 2026,"4,062",+495
344,345,STALZONE,N/A,Free,71.50%,Dec 2022,"87,417",+494
345,346,ICARUS,N/A,$17.99,73.81%,Dec 2021,"275,231",+494
346,347,Backrooms Protocol,N/A,—,—,Sep 2026,"1,817",+493
347,348,"KOTAMON: My Sis Found A Super-Rare Card In Her Cereal Box, So I Became A Garbage Man To Find The Entire Collection And Earn $1,000,000",N/A,$4.69,78.92%,Aug 2026,"10,978",+493
348,349,Enshrouded,N/A,$19.99,84.69%,Jan 2024,"387,973",+491
349,350,Withering Realms,N/A,$10.99,87.46%,Sep 2026,"4,137",+490
350,351,TBH: Task Bar Hero,N/A,Free,53.48%,May 2026,"43,099",+486
351,352,Train45,N/A,$6.69,93.77%,Jun 2026,"22,030",+485
352,353,Hogwarts Legacy,N/A,$59.99,88.92%,Feb 2023,"714,599",+484
353,354,NTE: Neverness to Everness,N/A,Free,80.76%,Jul 2026,"21,208",+482
354,355,Deadzoned,-15%,$2.54,84.31%,Sep 2026,"1,424",+480
355,356,Fright Train,N/A,—,—,Sep 2026,"1,686",+479
356,357,Heroes of Might and Magic: Olden Era,-25%,$14.99,84.89%,Apr 2026,"211,668",+479
357,358,Age of Empires II: Definitive Edition,N/A,$19.99,93.75%,Nov 2019,"295,690",+476
358,359,Where Winds Meet,N/A,Free,85.37%,Nov 2025,"179,980",+475
359,360,Tyr,N/A,Free,81.85%,Sep 2026,"10,644",+474
360,361,ROOM– 24/7 Total Surveillance,N/A,—,—,Sep 2026,"2,415",+473
361,362,Limbus Company,N/A,Free,87.12%,Feb 2023,"69,397",+473
362,363,Assetto Corsa Competizione,-75%,$4.74,91.02%,May 2019,"162,474",+473
363,364,Crusader Kings III,N/A,$34.99,88.67%,Sep 2020,"328,295",+473
364,365,Far Far West,N/A,$12.99,93.58%,Apr 2026,"93,330",+472
365,366,Ex Sanguis,-10%,$9.44,69.36%,Sep 2026,"3,931",+471
366,367,Assetto Corsa Rally,-20%,$14.39,85.56%,Nov 2025,"38,602",+470
367,368,It Takes Two,N/A,$39.99,94.38%,Mar 2021,"561,261",+470
368,369,Fell & Sell,N/A,$5.79,79.79%,Aug 2026,"7,331",+468
369,370,Rewindead,N/A,—,—,TBA,"1,077",+467
370,371,Schedule I,N/A,$10.49,96.73%,Mar 2025,"277,727",+467
371,372,HUMANKIND™ 2,N/A,—,—,2027,"6,413",+466
372,373,Reclaiming the Lost,N/A,$7.49,78.23%,Nov 2024,"12,274",+461
373,374,Acceptable Losses,-30%,$3.49,72.62%,Sep 2026,"1,021",+459
374,375,Don't Starve Together,N/A,$6.59,94.07%,Apr 2016,"768,580",+459
375,376,Roco Kingdom,N/A,Free,—,Soon,"4,840",+458
376,377,Desktop Explorer,N/A,$8.49,91.69%,Jul 2026,"9,044",+457
377,378,WheelMates,-10%,$9.89,70.88%,Sep 2026,"14,320",+457
378,379,NEXT OBJECTIVE,N/A,—,—,TBA,723,+456
379,380,PATLABOR the Case Files,N/A,—,—,Sep 2026,"2,242",+455
380,381,Swan Song,-30%,$3.49,86.33%,Jun 2026,"1,257",+453
381,382,Cities: Skylines,N/A,$20.99,91.90%,Mar 2015,"873,794",+453
382,383,Fracture Point,N/A,$10.99,74.34%,Sep 2026,"2,686",+452
383,384,Intravenous 3: Borderline,N/A,Free,—,Oct 2026,450,+450
384,385,Kingdom III: Rising Realms,N/A,—,—,TBA,"4,105",+450
385,386,Woman Simulator,N/A,—,—,Sep 2026,"4,503",+449
386,387,Forza Horizon 5,N/A,$32.78,88.29%,Nov 2021,"583,773",+449
387,388,Okko The Exiled,N/A,—,—,Sep 2026,"1,425",+448
388,389,Bones and Coins,-25%,$3.74,68.45%,Sep 2026,"2,224",+448
389,390,The Lord of the Rings: War in the North™ - Legacy Edition,N/A,$10.49,79.68%,Aug 2026,"24,694",+448
390,391,Sins of a Solar Empire II,-50%,$11.49,81.51%,Aug 2024,"70,357",+448
391,392,Undertale,-75%,$2.49,95.50%,Sep 2015,"398,170",+448
392,393,Pumpkin Woods,-25%,$11.24,72.76%,Sep 2026,"1,798",+447
393,394,SEXNATURAL: MILFs Must Be Filled 😈💦,-37%,$5.03,75.53%,Sep 2026,"3,888",+446
394,395,EthrA,N/A,—,—,TBA,"22,159",+446
395,396,Poppy Playtime,N/A,Free,86.94%,Oct 2021,"223,383",+446
396,397,Erosion,N/A,—,—,Soon,"8,968",+445
397,398,Aliens: Fireteam Elite 2,N/A,$49.99,61.50%,Aug 2026,"25,649",+445
398,399,Paralives,N/A,$18.99,87.93%,May 2026,"271,795",+445
399,400,Magical Girl Witch Trials,N/A,$14.99,94.52%,Jul 2025,"46,985",+444
400,401,I.T.C.B - Interstellar Trade Compliance Bureau,-15%,$5.34,43.31%,Sep 2026,830,+441
401,402,Resilient,N/A,—,—,TBA,"9,313",+441
402,403,ULTRAKILL,N/A,$7.19,96.23%,Sep 2020,"148,351",+441
403,404,Raft,N/A,$10.99,92.09%,Jun 2022,"669,186",+441
404,405,Geometry Dash,N/A,$2.99,92.24%,Dec 2014,"189,017",+440
405,406,Dual Cultivation Trainer,-10%,$6.56,63.45%,Sep 2026,806,+439
406,407,Tomb Raider: Legacy of Atlantis,N/A,$44.99,—,Feb 2027,"54,556",+439
407,408,Sid Meier’s Civilization® VI,-90%,$5.99,85.40%,Oct 2016,"816,316",+439
408,409,Spyro™: A Realm Beyond,N/A,—,—,TBA,"7,032",+438
409,410,WUCHANG: Fallen Feathers,-30%,$25.89,56.93%,Jul 2025,"178,679",+437
410,411,Worming from Home,-25%,$3.74,92.05%,Sep 2026,"3,833",+435
411,412,Sons Of The Forest,N/A,$14.99,87.61%,Feb 2024,"638,521",+435
412,413,STAR WARS: Galactic Racer™,N/A,$39.99,—,Oct 2026,"31,134",+434
413,414,Delverium,N/A,—,—,Sep 2026,"6,390",+431
414,415,Lucid Cats,N/A,—,—,Sep 2026,582,+430
415,416,Transport Fever 2,-90%,$1.89,88.55%,Dec 2019,"117,818",+430
416,417,Warframe,N/A,Free,86.82%,Mar 2013,"921,916",+430
417,418,Babes and Battles,N/A,Free,65.12%,Sep 2026,"3,317",+429
418,419,Escape the Backrooms,-20%,$3.99,88.70%,Oct 2025,"157,363",+429
419,420,OPERATOR,N/A,$19.99,84.36%,Aug 2023,"44,493",+428
420,421,"Warhammer 40,000: Dark Heresy",N/A,—,—,Soon,"62,524",+428
421,422,ZERO Sievert 2,N/A,—,—,TBA,"18,039",+427
422,423,The Last of Us™ Part II Remastered,N/A,$49.99,89.42%,Apr 2025,"118,657",+427
423,424,Persona 3 Reload,N/A,$59.99,92.76%,Feb 2024,"115,144",+426
424,425,Stellar Blade™,N/A,$59.99,92.31%,Jun 2025,"237,495",+425
425,426,Stranded Deep 2,N/A,—,—,TBA,"2,116",+423
426,427,Eslabong,N/A,$8.55,90.06%,Aug 2026,"3,321",+423
427,428,Vampire Mistress,N/A,—,—,Oct 2026,"3,324",+423
428,429,Grim Dawn,N/A,$12.49,92.15%,Feb 2016,"285,646",+422
429,430,Ylem's Cat,N/A,—,—,Soon,"5,262",+421
430,431,Grey Hack,-20%,$8.79,85.99%,Dec 2017,"18,210",+421
431,432,Gallipoli,N/A,$9.99,75.86%,Aug 2026,"18,365",+421
432,433,Marrowlight,N/A,—,—,Oct 2026,421,+420
433,434,Loftia,N/A,—,—,2026,"20,159",+420
434,435,Resident Evil 2,-80%,$5.99,95.89%,Jan 2019,"321,865",+420
435,436,Darkest Dungeon®,N/A,$11.99,90.53%,Jan 2016,"385,310",+420
436,437,JOY OF PROGRAMMING - Software Engineering Simulator,-50%,$4.64,72.78%,Jan 2025,"14,265",+419
437,438,Welcome to ParadiZe,-90%,$1.59,65.51%,Feb 2024,"20,424",+419
438,439,Squad,N/A,$24.99,80.48%,Sep 2020,"736,301",+418
439,440,Escape from Playtime,N/A,—,—,Soon,"5,579",+417
440,441,The Headlands,-15%,$5.68,54.17%,Sep 2026,"1,195",+415
441,442,7 Days to Die,N/A,$20.99,85.42%,Jul 2024,"542,915",+415
442,443,Qliphah in Providence's Shadow,N/A,$18.99,—,Sep 2026,"2,579",+413
443,444,Dinocop,-30%,$5.59,89.97%,Nov 2025,"3,823",+412
444,445,Police Chief Simulator,N/A,—,—,Sep 2026,"4,998",+411
445,446,Road Kings,N/A,—,—,Mar 2027,"26,647",+411
446,447,Moonlighter 2: The Endless Vault,-30%,$13.99,79.12%,Sep 2026,"40,544",+411
447,448,Supermarket Together,N/A,Free,92.94%,Aug 2024,"75,354",+411
448,449,Exterminauts,N/A,—,—,Soon,"5,119",+410
449,450,TCG Card Shop Simulator,N/A,$10.99,94.72%,Sep 2024,"77,189",+410
450,451,Your Story: Games with Death,-20%,$3.19,55.17%,Sep 2026,"1,232",+409
451,452,Roguecraft DX,-20%,$5.59,77.06%,Sep 2026,"1,939",+409
452,453,WebCam: Behind The Screen,N/A,$8.49,81.92%,Aug 2026,"3,906",+408
453,454,Apewar,N/A,$0.90,89.58%,Mar 2023,"5,961",+408
454,455,SPINE - This is Gun Fu,N/A,—,—,2027,"31,380",+408
455,456,SHENZHEN I/O,-50%,$3.99,91.31%,Nov 2016,"40,257",+408
456,457,MIGHTREYA,N/A,—,—,TBA,"10,643",+407
457,458,CONQ: CROWN OF NO QUARTER,N/A,—,—,2027,"1,272",+406
458,459,Warhounds,N/A,$16.49,68.50%,Aug 2026,"15,908",+402
459,460,Gears of War: E-Day,N/A,$48.99,—,Oct 2026,"46,034",+402
460,461,Rules of Engagement: The Grey State,N/A,Free,—,TBA,"54,239",+401
461,462,DAVE THE DIVER,N/A,$12.99,95.23%,Jun 2023,"250,614",+398
462,463,Nuclear Design Bureau,N/A,—,—,Soon,854,+397
463,464,Rayman Legends Retold,N/A,$31.99,—,Oct 2026,"9,232",+396
464,465,SiNiSistar 2,N/A,$8.55,87.39%,May 2026,"35,094",+395
465,466,Hollow Knight,N/A,$5.99,96.05%,Feb 2017,"462,696",+395
466,467,Hela: of Mice & Magic,N/A,—,—,Dec 2026,"36,201",+393
467,468,Wuthering Waves,N/A,Free,86.25%,Apr 2025,"73,468",+393
468,469,Japanese Ramen Simulator,N/A,—,—,Sep 2026,"1,446",+391
469,470,lily's world XD,N/A,—,—,Sep 2026,"4,986",+391
470,471,Galvatein : Adventurers' Guild,N/A,—,—,Sep 2026,"3,174",+390
471,472,Showa American Story,N/A,—,—,2026,"63,064",+390
472,473,EA SPORTS FC™ 26,N/A,$69.99,50.69%,Sep 2025,"95,089",+390
473,474,THE WELL IS NOT EMPTY,-10%,$5.66,81.67%,Sep 2026,"1,424",+389
474,475,Black Gold: Oil Drilling Simulator,-20%,$6.84,56.60%,Sep 2026,"4,405",+389
475,476,The Last of Us™ Part I,N/A,$59.99,83.40%,Mar 2023,"249,873",+388
476,477,Tactical Commanders R,N/A,—,—,2026,387,+387
477,478,Dead Cells,-50%,$6.24,95.80%,Aug 2018,"407,528",+386
478,479,Stronghold 4,N/A,—,—,2026,"37,428",+385
479,480,Destiny 2,N/A,Free,78.05%,Oct 2019,"752,570",+385
480,481,ROMANCE OF THE THREE KINGDOMS XIV,N/A,$49.99,62.26%,Jan 2020,"71,453",+384
481,482,Grand Theft Auto IV: The Complete Edition,N/A,$19.99,82.51%,Mar 2020,"191,526",+384
482,483,Cult of the Lamb,N/A,$12.49,94.57%,Aug 2022,"273,221",+381
483,484,Backrooms: Code Yellow,N/A,—,—,Sep 2026,"1,110",+380
484,485,Casualties: Unknown,N/A,—,—,2026,"23,062",+380
485,486,Wyldheart,N/A,—,—,Soon,"29,176",+379
486,487,Isekai: Waifu Overlord,N/A,Free,—,Sep 2026,"4,862",+378
487,488,Clive Barker's Hellraiser: Revival,N/A,$27.99,—,Oct 2026,"21,132",+378
488,489,Nightwater,N/A,—,—,Sep 2026,"36,923",+378
489,490,HR: Human Remains,N/A,—,—,Sep 2026,916,+377
490,491,Shade of the Marionette: The Story of Piyorita,N/A,—,—,Soon,375,+375
491,492,Ledgerbound,N/A,$14.49,86.85%,Aug 2026,"8,050",+373
492,493,Custodes of Elf Hearts,N/A,—,—,Sep 2026,"1,945",+372
493,494,The Sinking City 2,N/A,$29.99,79.27%,Aug 2026,"26,094",+372
494,495,Leafy Corner,N/A,$4.99,92.06%,Jul 2026,"10,838",+371
495,496,Pathogenic,N/A,$6.29,89.49%,Jul 2026,"15,361",+370
496,497,Tamara,N/A,—,—,Soon,"1,518",+369
497,498,Split Fiction,N/A,$49.99,95.56%,Mar 2025,"224,652",+368
498,499,Clair Obscur: Expedition 33,-22%,$34.86,94.21%,Apr 2025,"315,952",+368
499,500,Soul Chained,-30%,$3.28,65.75%,Sep 2026,"2,276",+366
500,501,Dragon Shelter,N/A,—,—,Sep 2026,"8,623",+366
501,502,Half Grip,N/A,—,—,2026,"2,715",+365
502,503,Forgive Me Father 2,-60%,$4.99,78.52%,Oct 2024,"22,153",+363
503,504,With the Devilish Her…,N/A,$9.55,80.21%,Aug 2026,"5,315",+362
504,505,Artillery Miner,-15%,$4.24,67.43%,Sep 2026,799,+361
505,506,Spy Drops Gaiden,N/A,—,—,Oct 2026,814,+361
506,507,Tulpa the Unseen Lover,N/A,—,—,TBA,"5,816",+361
507,508,Hell Let Loose: Vietnam,N/A,$20.99,60.88%,Aug 2026,"72,213",+361
508,509,Hemlotrion: Broken Mirror,N/A,—,—,Soon,369,+360
509,510,Age of Empires III: Definitive Edition,N/A,$17.99,84.61%,Oct 2020,"112,600",+360
510,511,Mimic in the Dungeon,N/A,—,—,Q1 2027,"1,921",+359
511,512,Guildrun,N/A,—,—,TBA,"16,093",+359
512,513,Keep the Witch Out of This Inn,N/A,—,—,Sep 2026,"1,151",+358
513,514,Tenebris: Terra Incognita,N/A,$4.99,79.56%,Sep 2026,"4,445",+358
514,515,The Mound: Omen of Cthulhu,N/A,$18.99,67.57%,Jul 2026,"61,455",+356
515,516,METAL GEAR SOLID: MASTER COLLECTION Vol.2,N/A,$42.49,66.21%,Aug 2026,"20,556",+355
516,517,ILL,N/A,—,—,2027,"84,919",+354
517,518,Hunting Simulator 2,-95%,$0.99,66.20%,Jul 2020,"7,206",+352
518,519,Dungeons And Cat,N/A,$6.29,81.68%,Aug 2026,"8,289",+352
519,520,Easy Red 2,N/A,$5.99,88.15%,Nov 2020,"59,818",+352
520,521,Timberborn,-30%,$12.59,93.97%,Mar 2026,"183,231",+352
521,522,Crazy Taxi: World Tour,N/A,—,—,2027,"8,178",+351
522,523,Tiny Glade,N/A,$7.99,95.06%,Sep 2024,"189,465",+351
523,524,Blair Witch,-80%,$3.05,77.14%,Aug 2019,"27,129",+350
524,525,House Flipper,-90%,$1.49,92.65%,May 2018,"273,598",+349
525,526,Shady job,-38%,$2.47,67.82%,Sep 2026,"3,022",+346
526,527,Bills Must Be Paid,-20%,$3.75,93.78%,Jul 2026,"6,216",+346
527,528,Red Dead Redemption,-50%,$24.99,90.33%,Oct 2024,"104,145",+346
528,529,Rebirth Pub,N/A,$9.95,87.24%,Aug 2026,"6,853",+345
529,530,Blades of Fire,-25%,$18.74,72.25%,May 2026,"12,011",+345
530,531,while True: learn(),-40%,$4.37,88.60%,Jan 2019,"37,077",+345
531,532,Marvel’s Spider-Man Remastered,N/A,$59.99,94.73%,Aug 2022,"209,133",+345
532,533,Eropsychosis: The Project Elysiara,N/A,—,—,Sep 2026,"4,561",+344
533,534,Grave Seasons,N/A,—,—,2026,"38,110",+344
534,535,DYNASTY WARRIORS 3: Complete Edition Remastered,N/A,$33.29,—,Oct 2026,"8,462",+343
535,536,Iron Bramble,N/A,—,—,2027,"3,846",+342
536,537,Last Harbor,N/A,—,—,Soon,"18,294",+342
537,538,Hollow Knight: Silksong,N/A,$7.99,88.69%,Sep 2025,"603,250",+342
538,539,Decollate Decoration,-35%,$3.24,86.36%,Jan 2026,"2,481",+341
539,540,Adventure Land - The Code MMORPG,-40%,$4.79,76.56%,Jan 2019,"3,163",+341
540,541,Expedition: Into Darkness,N/A,—,—,Q4 2026,"33,369",+341
541,542,Dungeon Brawls,-10%,$5.66,73.06%,Sep 2026,"1,882",+340
542,543,Ghost of Tsushima DIRECTOR'S CUT,N/A,$59.99,92.56%,May 2024,"217,750",+340
543,544,Woodo,N/A,—,—,Sep 2026,"7,085",+338
544,545,Knock on the Coffin Lid,N/A,$12.49,80.57%,Aug 2024,"74,976",+338
545,546,Kingdom Rush 6: Genesis TD,N/A,—,—,Sep 2026,"7,946",+337
546,547,Village in the Shade,N/A,$24.99,86.23%,Jul 2026,"9,777",+337
547,548,Hold My Thing,N/A,—,—,Soon,"1,627",+336
548,549,In-Security,N/A,—,—,Q4 2026,"1,897",+334
549,550,BrokenLore: DON’T LIE,-10%,$8.18,74.19%,Sep 2026,"1,637",+333
550,551,MIO: Memories in Orbit,-30%,$9.79,80.69%,Jan 2026,"23,022",+333
551,552,Blind Descent,N/A,—,—,TBA,"25,831",+333
552,553,CPM 2,N/A,Free,—,Soon,"2,151",+332
553,554,NEEDY STREAMER OVERLOAD,-66%,$2.88,92.69%,Jan 2022,"124,701",+332
554,555,Dispatch,-20%,$11.99,96.28%,Oct 2025,"229,501",+332
555,556,Succubus Abyss: 30-Day Survival Guide,N/A,—,—,Sep 2026,"1,051",+331
556,557,Craftomation 101: Programming & Craft,-30%,$5.59,79.80%,Sep 2026,"7,245",+329
557,558,Factorio,N/A,$17.00,96.07%,Aug 2020,"415,287",+328
558,559,Between Adventures IDLE,-15%,$4.24,66.70%,Sep 2026,"1,851",+327
559,560,Mistfall Hunter,N/A,$12.99,52.99%,Jul 2026,"83,072",+327
560,561,Effulgence RPG,-25%,$8.24,77.01%,Sep 2026,"5,317",+326
561,562,Grave New World,N/A,$3.29,74.99%,Aug 2026,335,+325
562,563,Boob Simulator,N/A,—,—,Sep 2026,551,+325
563,564,Parkasaurus,-90%,$1.24,89.36%,Aug 2020,"27,193",+325
564,565,Microsoft Flight Simulator 2024,N/A,$69.99,59.45%,Nov 2024,"66,557",+325
565,566,Succupie: An Erotic Short Story,N/A,—,—,TBA,"3,973",+323
566,567,Beastfolk Barber,N/A,—,—,TBA,"7,216",+323
567,568,The Outlast Trials,N/A,$18.99,91.10%,Mar 2024,"217,399",+323
568,569,ENDLESS Legend™ 2,N/A,$24.99,80.47%,Sep 2025,"52,177",+322
569,570,Check Please!,N/A,—,—,Q4 2026,321,+321
570,571,Touhou Koumakyou: Classic - the Embodiment of Scarlet Devil,N/A,$9.95,89.14%,Sep 2026,433,+321
571,572,ContractVille,-66%,$1.96,78.65%,May 2025,"25,582",+320
572,573,Atlas Fallen: Reign Of Sand,-75%,$6.99,71.14%,Aug 2023,"44,247",+320
573,574,Sea Sniffers,N/A,—,—,2027,"1,060",+318
574,575,Prospice: Anomalous Logistics,N/A,—,—,TBA,"6,000",+317
575,576,Dragon's Dogma 2,N/A,$29.99,61.63%,Mar 2024,"219,660",+317
576,577,Ondeh Ondeh Kaya's Tasty Tale,N/A,—,—,Soon,316,+316
577,578,The S.I.N. Phantom,N/A,Free,—,Sep 2026,557,+315
578,579,ROB RUN,N/A,Free,—,2026,901,+315
579,580,SiN Reloaded,N/A,—,—,Sep 2026,"6,168",+314
580,581,GRAIN ROT,N/A,$4.59,85.09%,Aug 2026,"18,883",+314
581,582,Phasmophobia,N/A,$9.49,93.64%,Sep 2020,"457,987",+314
582,583,Black Friday Janitor: Clean the Whole Mall,-15%,$3.39,86.92%,Sep 2026,477,+313
583,584,Verse Project,N/A,—,—,2026,"11,037",+313
584,585,DCS World Steam Edition,N/A,Free,83.57%,Mar 2018,"325,783",+313
585,586,just volleyball,N/A,—,—,Q4 2026,647,+312
586,587,Waste The Fallen,N/A,Free,—,Soon,"4,522",+311
587,588,Romestead,N/A,$7.99,74.69%,May 2026,"53,172",+311
588,589,Sunken Engine,-40%,$3.59,77.91%,Sep 2026,"6,145",+310
589,590,Alien: Isolation 2,N/A,—,—,Soon,"18,815",+310
590,591,EA Play,N/A,$5.99,50.00%,Aug 2020,"23,091",+309
591,592,MONSTER HUNTER RISE,-80%,$5.99,82.47%,Jan 2022,"221,659",+309
592,593,Invokyr,N/A,—,—,Oct 2026,"7,327",+308
593,594,Magical Blush,N/A,$8.55,80.04%,Sep 2026,"1,964",+307
594,595,Allumeria,N/A,$5.00,86.52%,Aug 2026,"5,976",+307
595,596,Gladio Mori,N/A,$8.07,78.92%,Nov 2024,"11,275",+306
596,597,Into the Wind,N/A,—,—,TBA,"7,889",+305
597,598,Mortal Kombat 1,-80%,$9.99,71.57%,Sep 2023,"114,835",+305
598,599,Sister Leticia: The First Mission!,N/A,—,—,Sep 2026,"1,537",+304
599,600,The Walking Dead: Streets of Survival,N/A,$19.99,—,Sep 2026,"1,934",+304
600,601,Rivage,N/A,—,—,Sep 2026,"8,344",+304
601,602,the cabin game,N/A,$7.49,80.50%,Aug 2026,"1,905",+303
602,603,Ore Factory Squad ⛏️,-27%,$5.10,84.40%,Jul 2026,"10,063",+302
603,604,Vampire Survivors,N/A,$3.49,97.19%,Oct 2022,"148,332",+302
604,605,iRacing® Studios NASCAR 26,N/A,$28.25,—,Sep 2026,"1,095",+301
605,606,Money for Girls: Amortized,N/A,$8.16,92.47%,Aug 2026,"3,540",+300
606,607,Birds of War,N/A,$5.79,81.48%,Jul 2026,"6,356",+300
607,608,Crime Boss: Rockay City,-90%,$1.19,61.77%,Jun 2024,"32,075",+299
608,609,eFootball™,N/A,Free,51.78%,Sep 2021,"105,534",+299
609,610,Alkimya: House of Wisdom,N/A,—,—,Soon,"1,727",+297
610,611,Frisky Phone: College Casual,-10%,$6.74,50.00%,Sep 2026,574,+296
611,612,Epic Seven,N/A,Free,—,2026,"4,118",+296
612,613,Retro Gadgets,-25%,$14.99,83.67%,Nov 2022,"11,152",+295
613,614,Call to Arms - Gates of Hell: Ostfront,N/A,$17.99,83.69%,Jun 2021,"117,566",+295
614,615,Sekiro™: Shadows Die Twice - GOTY Edition,N/A,$59.99,94.29%,Mar 2019,"646,488",+295
615,616,Space Engineers 2,N/A,$17.99,73.36%,Jan 2025,"71,496",+294
616,617,Crash Bandicoot™ 4: It’s About Time,-70%,$11.99,83.46%,Oct 2022,"20,504",+293
617,618,Arena Breakout: Infinite,N/A,Free,73.13%,Sep 2025,"235,521",+293
618,619,Cuphead,N/A,$19.99,95.02%,Sep 2017,"363,884",+292
619,620,Infinity: HexaDome Tactics,-10%,$9.89,71.95%,Sep 2026,"5,677",+291
620,621,Wandering Sword,-30%,$17.49,93.09%,Sep 2023,"89,924",+291
621,622,The Medium,-75%,$6.37,86.39%,Jan 2021,"45,687",+290
622,623,State of Decay 3,N/A,—,—,TBA,"66,665",+290
623,624,Half Sword,N/A,$12.49,71.19%,Jan 2026,"113,858",+290
624,625,Stellaris,N/A,$34.99,83.89%,May 2016,"554,120",+289
625,626,STEINS;GATE RE:BOOT,N/A,$34.99,84.50%,Aug 2026,"14,902",+288
626,627,The Planet Crafter,-50%,$5.99,94.46%,Apr 2024,"183,094",+288
627,628,Rocket League®,N/A,—,86.29%,Jul 2015,"660,684",+287
628,629,Rain World,-65%,$4.19,92.09%,Mar 2017,"114,993",+286
629,630,Destiny of Immortal,N/A,$6.99,77.04%,Jul 2026,"10,485",+285
630,631,Call of Duty®: Modern Warfare® II,-70%,$20.99,46.70%,Oct 2022,"19,803",+285
631,632,Quasimorph,N/A,$14.49,80.44%,Jul 2026,"49,610",+285
632,633,Rerouted,N/A,—,—,Soon,"3,805",+284
633,634,Castle Crashers®,N/A,$6.29,94.88%,Sep 2012,"216,598",+283
634,635,Omega Pilot Evolution,N/A,—,—,Sep 2026,286,+282
635,636,DUST: Origins,N/A,—,—,TBA,"4,128",+282
636,637,Asgard's Fall — Viking Survivors,-50%,$2.89,76.78%,Sep 2026,"6,583",+282
637,638,Carcass Clad,N/A,—,—,TBA,"10,837",+282
638,639,EVE Vanguard,N/A,—,—,Q3 2026,"14,310",+282
639,640,Risk of Rain 2,N/A,$12.49,92.89%,Aug 2020,"354,467",+282
640,641,Oar'some Adventures,N/A,—,—,Soon,765,+281
641,642,The Magus Circle,N/A,—,—,Sep 2026,"8,742",+281
642,643,XenoFeels,N/A,—,—,Soon,"19,795",+281
643,644,Satisfactory,N/A,$18.99,96.18%,Sep 2024,"415,835",+281
644,645,GLADIABOTS - AI Combat Arena,-75%,$1.99,83.16%,May 2019,"11,355",+279
645,646,Lords of the Fallen II,N/A,—,—,Soon,"20,636",+279
646,647,CODE VEIN II,-44%,$25.86,64.54%,Jan 2026,"36,610",+279
647,648,House Flipper 2,N/A,$15.99,85.44%,Dec 2023,"95,032",+279
648,649,MENACE,N/A,$19.99,88.58%,Feb 2026,"106,694",+279
649,650,Hordeguard: Winds of the North,N/A,—,—,TBA,"3,998",+278
650,651,Steel Soul Shaper,N/A,—,—,Soon,"5,242",+278
651,652,Sally Face - Episode One,N/A,$1.99,95.19%,Dec 2016,"58,703",+278
652,653,Persona 5 Royal,N/A,$59.99,95.05%,Oct 2022,"163,445",+278
653,654,Moss: The Forgotten Relic,N/A,$9.49,85.18%,Jul 2026,"9,749",+277
654,655,Yet Another Zombie Survivors,-57%,$7.97,89.28%,Aug 2026,"43,713",+277
655,656,Time Takers,N/A,Free,—,Soon,"7,108",+276
656,657,That Time I Got Reincarnated as a Demon Hand,-25%,$4.34,81.37%,Jan 2026,"9,325",+274
657,658,1666: Amsterdam,N/A,$14.49,62.31%,Aug 2026,"40,122",+274
658,659,Muse Dash 2,N/A,—,—,Soon,"2,160",+272
659,660,CarX Street,-55%,$8.99,69.81%,Aug 2024,"88,373",+272
660,661,Russian Fishing 4,N/A,Free,60.40%,Nov 2021,"113,187",+272
661,662,Among Us,N/A,$2.49,91.30%,Nov 2018,"347,754",+272
662,663,Fangstorm,N/A,—,—,TBA,"1,536",+271
663,664,Well Dweller,N/A,—,—,Sep 2026,"4,687",+271
664,665,Haunted Paws,N/A,—,—,TBA,"38,443",+271
665,666,Green Hell,-90%,$1.24,83.54%,Sep 2019,"309,538",+271
666,667,God Save Birmingham,N/A,—,—,TBA,"47,803",+270
667,668,BioEden,N/A,$14.99,71.01%,Sep 2026,"3,689",+269
668,669,ONTOS,N/A,—,—,2027,"21,086",+269
669,670,Outer Wilds,N/A,$12.99,94.21%,Jun 2020,"184,856",+269
670,671,Beyond Yardwork Simulator Prologue,N/A,Free,67.40%,Sep 2026,453,+268
671,672,Last Ditch Effort,N/A,—,—,2027,"2,742",+268
672,673,EA SPORTS FC™ 25,N/A,—,53.05%,Sep 2024,"98,948",+268
673,674,Lossless Scaling,N/A,$3.50,88.81%,Dec 2018,"100,803",+268
674,675,Boundless AI Fantasy,-10%,$5.21,68.15%,Sep 2026,335,+267
675,676,Resident Evil Village,-75%,$7.49,94.38%,May 2021,"206,582",+267
676,677,Human Host,N/A,$9.55,78.82%,Apr 2026,"7,258",+266
677,678,Waterpark Simulator,N/A,$6.59,93.78%,Jul 2026,"28,394",+266
678,679,Anonymous Hacker Simulator,-75%,$2.62,80.87%,Apr 2024,"10,965",+265
679,680,STRANGER THAN HEAVEN,N/A,$69.99,—,Jan 2027,"25,075",+265
680,681,REANIMAL,N/A,$18.99,73.94%,Feb 2026,"102,707",+265
681,682,MiSide,-20%,$6.39,96.41%,Dec 2024,"142,114",+265
682,683,Gray Zone Warfare,-30%,$20.99,71.69%,Apr 2024,"254,494",+265
683,684,Direland,N/A,—,—,TBA,"2,604",+264
684,685,Last Breath 最后的气息,N/A,$6.99,79.14%,Aug 2026,"4,086",+264
685,686,Car Mechanic Simulator 2026,N/A,—,—,2026,"24,165",+264
686,687,Hearth and Hamlet,N/A,$4.99,76.29%,Aug 2026,"14,334",+263
687,688,Mosaique Neko Waifus 6,N/A,—,—,Sep 2026,"4,623",+262
688,689,Guns of Eschaton,N/A,—,—,2026,"10,070",+262
689,690,Blight: Survival,N/A,—,—,TBA,"158,075",+262
690,691,Phantom PHANTOM OF INFERNO NITRO ARCHIVE,-30%,$10.49,83.26%,Sep 2026,"2,360",+261
691,692,Stonewards,N/A,$6.29,89.46%,Aug 2026,"7,167",+261
692,693,Mortal Kombat 11,-90%,$4.99,86.96%,Apr 2019,"183,072",+261
693,694,Sir Galgano - A Medieval Tale,-25%,$9.36,39.72%,Sep 2026,811,+260
694,695,Deadzone Rogue 2,N/A,—,—,Soon,"8,740",+260
695,696,Backrooms: Escape Together,N/A,$5.79,87.25%,Oct 2022,"77,590",+260
696,697,"Sir, We Have an Orc Problem",-10%,$3.59,83.68%,Jul 2026,"11,126",+259
697,698,Mortal Kombat X,-80%,$3.99,85.02%,Apr 2015,"172,741",+259
698,699,VRChat,N/A,Free,74.58%,Feb 2017,"239,089",+259
699,700,SCUM,N/A,$29.99,73.39%,Jun 2025,"454,744",+259
700,701,Burger Shift: Team Rush,-10%,$7.19,66.33%,Sep 2026,"1,633",+258
701,702,Citystate Metropolis,N/A,—,—,2026,"39,518",+258
702,703,Abiotic Factor,N/A,$17.99,94.11%,Jul 2025,"136,799",+258
703,704,GHOSTLESS,N/A,—,—,TBA,"1,201",+257
704,705,DREADMOOR,N/A,—,—,Q4 2026,"21,638",+257
705,706,Opus Magnum,-50%,$5.24,93.99%,Dec 2017,"35,032",+257
706,707,Dead Extraction,N/A,—,—,Q4 2026,415,+256
707,708,Prospera,N/A,—,—,Q2 2027,"1,858",+256
708,709,Heatwarped,N/A,—,—,TBA,"6,176",+256
709,710,Otherside Tapes: Favela,N/A,—,—,Soon,255,+255
710,711,Femboy Futa Cozy Cafe,-10%,$6.21,73.03%,Sep 2026,"2,563",+255
711,712,S.O.N.A.R. - Submarine Operators Not Actually Ready,N/A,—,—,Oct 2026,"3,970",+255
712,713,Valor Mortis,N/A,—,—,Oct 2026,"36,534",+255
713,714,Tabletop Simulator,N/A,$10.49,92.97%,Jun 2015,"235,712",+255
714,715,World Apart,N/A,—,—,Sep 2026,825,+254
715,716,Dawson Oaks Trailer Park,N/A,—,—,Sep 2026,"2,839",+254
716,717,Resident Evil 7 Biohazard,-60%,$5.99,93.97%,Jan 2017,"235,697",+254
717,718,Age of Empires IV: Anniversary Edition,N/A,$19.99,84.57%,Oct 2021,"315,880",+254
718,719,Planet Killer,-20%,$5.99,73.45%,Sep 2026,809,+253
719,720,METAL GEAR SOLID: Peace Walker - Master Collection Version,N/A,$16.99,75.74%,Aug 2026,"1,913",+253
720,721,False Hero,N/A,—,—,Sep 2026,"3,030",+253
721,722,Witchspire,N/A,$11.50,79.65%,Jun 2026,"44,936",+252
722,723,Le Mans Ultimate,N/A,$30.00,77.31%,Jul 2025,"58,321",+252
723,724,Lewd Dungeon Manager 🔞,-5%,$7.64,62.92%,Aug 2026,"5,958",+251
724,725,Jurassic World Evolution 3,N/A,$31.99,90.91%,Oct 2025,"77,699",+251
725,726,MEs,N/A,Free,65.38%,Dec 2024,437,+250
726,727,Children of Morta,-90%,$1.09,86.56%,Sep 2019,"100,250",+250
727,728,Flamecraft,N/A,—,—,Sep 2026,"5,230",+249
728,729,The Defiant,N/A,—,—,Soon,"45,321",+249
729,730,The Coffin of Andy and Leyley,N/A,$6.59,94.00%,Oct 2023,"91,362",+249
730,731,Navinosuke: The Yo-kai Buster,N/A,—,—,2027,248,+248
731,732,Emergency Buddies,N/A,—,—,TBA,"3,431",+248
732,733,Ruins of Dawn,N/A,$4.99,71.62%,Aug 2026,"7,661",+248
733,734,Metro 2033 Redux,N/A,$14.99,91.10%,Aug 2014,"126,024",+248
734,735,Twisted Night - Please have sex with my wife,-15%,$3.98,71.52%,Sep 2026,254,+246
735,736,Grimorium,N/A,—,—,TBA,767,+246
736,737,Airline Founder,N/A,$6.29,71.57%,Sep 2026,"1,521",+246
737,738,Colosseum Clothes-Ripper: The Erotic Arena RPG,-10%,$6.02,75.35%,Sep 2026,"1,602",+246
738,739,Drakantos,N/A,Free,—,Soon,"62,301",+246
739,740,The Last Caretaker,N/A,$16.49,84.22%,Nov 2025,"90,679",+246
740,741,Core Keeper,N/A,$9.99,91.43%,Aug 2024,"174,242",+246
741,742,"Fuyukuru. - Winter winds, adieu? -",-20%,$8.39,81.30%,Sep 2026,574,+245
742,743,Whispers in the fog,N/A,—,—,TBA,"2,314",+245
743,744,Loot List: Thief Sim,N/A,—,—,Soon,"3,808",+245
744,745,Wand & Order: Tidy up the magic shop!,N/A,—,—,Sep 2026,820,+244
745,746,God of War Ragnarök,N/A,$49.99,87.40%,Sep 2024,"128,528",+244
746,747,For the Fatherland: Chronicle of Park Chung-hee,N/A,$8.55,81.90%,Sep 2026,843,+243
747,748,Ghost in the SQL Data,N/A,—,—,Oct 2026,"1,168",+243
748,749,Rhapsody in Scarlet,N/A,—,—,TBA,"1,586",+243
749,750,"SPITE: Taking the Boss's Wife, Sister and Mother",N/A,$6.99,78.47%,May 2026,"11,601",+243
750,751,黄天逆途,N/A,—,—,TBA,"4,651",+242
751,752,Call of Duty®: Modern Warfare®,-75%,$14.99,77.82%,Mar 2023,"67,373",+242
752,753,Fatekeeper,N/A,$7.99,78.51%,Jun 2026,"105,908",+242
753,754,Ball Scratch Simulator,-15%,$2.28,77.72%,Sep 2026,789,+241
754,755,Dirty Business,-20%,$6.84,72.42%,Jul 2026,"11,327",+241
755,756,Party Animals,N/A,$13.49,76.67%,Sep 2023,"663,296",+241
756,757,FluxWerks,N/A,—,—,Sep 2026,931,+240
757,758,TankRat,N/A,—,—,Jan 2027,"16,889",+240
758,759,Librarian: Tidy Up the Arcane Library!,N/A,$3.99,92.40%,Apr 2026,"35,168",+240
759,760,Terminal War,N/A,—,—,Soon,"5,676",+239
760,761,Cinderia,N/A,$9.29,85.05%,Mar 2026,"28,087",+239
761,762,The Forest,N/A,$10.49,94.73%,Apr 2018,"805,458",+239
762,763,FRESHIE SISTERS,N/A,$7.49,69.27%,Aug 2026,"3,201",+238
763,764,Lost Legions,N/A,—,—,Soon,"10,674",+238
764,765,How Many Dudes?,N/A,$8.55,85.96%,Jul 2026,"14,163",+238
765,766,skate.,N/A,Free,68.87%,Sep 2025,"74,002",+238
766,767,ONLY FARMS 🍑,N/A,—,—,Sep 2026,989,+237
767,768,House Of Decay,N/A,—,—,Q4 2026,"1,087",+237
768,769,A College of Thirst & Claws,N/A,$6.49,70.28%,Aug 2026,"8,896",+237
769,770,Thank You Bus Driver,N/A,—,—,Oct 2026,824,+236
770,771,Safari-TV,N/A,—,—,TBA,"1,372",+236
771,772,Monsters are Coming!,-40%,$2.99,77.20%,Nov 2025,"20,651",+236
772,773,HOSHiN ENGi Re:surrection,N/A,—,—,2027,235,+235
773,774,Arctic Drive,N/A,—,—,Nov 2026,"2,908",+235
774,775,Tenebris Somnia,N/A,—,—,Oct 2026,"13,321",+234
775,776,Disney Dreamlight Valley,N/A,$29.00,90.16%,Dec 2023,"87,064",+233
776,777,Tom Clancy's Ghost Recon® Wildlands,N/A,$39.99,77.35%,Mar 2017,"442,345",+233
777,778,Rev. NOiR,N/A,—,—,2027,"1,330",+232
778,779,Trash Day,N/A,—,—,Oct 2026,"6,773",+232
779,780,Star Trek: Outposts Unknown,N/A,—,—,Oct 2026,"7,000",+232
780,781,Call of Duty®: Modern Warfare® III,N/A,$69.99,47.34%,Nov 2023,"11,916",+232
781,782,Brotato,-40%,$1.79,94.57%,Jun 2023,"91,134",+232
782,783,Victoria 3,N/A,$34.99,68.61%,Oct 2022,"188,964",+232
783,784,DRAGON BALL XENOVERSE 2,-75%,$3.24,88.42%,Oct 2016,"201,524",+232
784,785,Breakout Garage,N/A,—,—,Sep 2026,"1,416",+231
785,786,Folklands,-30%,$5.59,67.26%,Sep 2026,"2,961",+231
786,787,Car For Sale Together,N/A,—,—,2026,"9,101",+231
787,788,CONVRGENCE,N/A,$12.49,84.33%,Apr 2024,"12,567",+231
788,789,Cairn,-20%,$11.99,92.19%,Jan 2026,"79,475",+231
789,790,Days Gone,N/A,$39.99,91.45%,May 2021,"210,862",+231
790,791,RPG MAKER U2U,N/A,—,—,Soon,"1,247",+230
791,792,Tower Networking Inc.,N/A,$10.49,87.76%,Jul 2025,"4,214",+230
792,793,Ember and Blade,N/A,—,—,Soon,"4,626",+230
793,794,Songs of Glimmerwick,N/A,—,—,Sep 2026,"11,188",+230
794,795,LIMIT ZERO BREAKERS,N/A,Free,—,Soon,"5,391",+229
795,796,Sword & Banner,N/A,—,—,Q1 2027,"4,685",+228
796,797,Mega Man: Dual Override,N/A,—,—,2027,"6,007",+228
797,798,I Have No Change,N/A,—,—,2027,"40,278",+228
798,799,SILENT HILL 2,-60%,$13.19,93.03%,Oct 2024,"139,119",+228
799,800,Scrap Mechanic,N/A,$14.49,90.60%,Jul 2026,"334,263",+228
800,801,CINDER CITY,N/A,—,—,Soon,"14,672",+227
801,802,Doki Doki Literature Club!,N/A,Free,95.35%,Sep 2017,"170,785",+226
802,803,Police Simulator,N/A,—,—,Soon,"1,784",+225
803,804,Tom Clancy’s Rainbow Six Tactics,N/A,—,—,2027,"6,574",+225
804,805,NAKWON: LAST PARADISE,N/A,—,—,TBA,"95,752",+225
805,806,Guild Wars 2®,N/A,Free,86.50%,Aug 2022,"102,207",+225
806,807,Supermarket Simulator,N/A,$9.99,90.66%,Jun 2025,"131,534",+225
807,808,WorldBox - God Simulator,N/A,$10.49,93.66%,Dec 2021,"198,894",+225
808,809,Sigilfarer: A Dice-Rolling Roguelite,-20%,$5.59,73.26%,Sep 2026,"2,013",+223
809,810,Swarm Bunker: Lust Defense,N/A,$8.99,82.85%,Aug 2026,"9,628",+223
810,811,Company of Heroes - Definitive Edition,N/A,—,—,TBA,"4,769",+222
811,812,Stick It to the Stickman,N/A,$6.99,93.39%,Aug 2025,"22,464",+222
812,813,Assetto Corsa EVO,-20%,$19.99,58.43%,Jan 2025,"85,298",+222
813,814,Catch Meow If You Can,N/A,—,—,Oct 2026,387,+221
814,815,Dice Hoarder,N/A,—,—,Q4 2026,"2,513",+221
815,816,Atelier Karia: The Night Kingdom & the Guide of Memories,N/A,—,—,Feb 2027,"2,784",+221
816,817,Atomic Heart 2,N/A,—,—,TBA,"26,938",+221
817,818,Tom Clancy's Ghost Recon® Breakpoint,N/A,$47.99,71.86%,Jan 2023,"77,561",+221
818,819,Chained Together,N/A,$2.99,88.27%,Jun 2024,"92,492",+221
819,820,"Warhammer 40,000: Rogue Trader",N/A,$24.99,86.39%,Dec 2023,"140,763",+221
820,821,Tiny Bakery,-10%,$5.66,77.77%,Sep 2026,"1,185",+220
821,822,Iron Blight,N/A,$7.49,87.35%,Aug 2026,"4,160",+220
822,823,DISCIPLINE SIMULATOR,N/A,—,—,Sep 2026,"13,070",+220
823,824,Under Mythos,N/A,—,—,2028,221,+219
824,825,Garden of Witches,N/A,$9.89,88.16%,Aug 2026,"11,576",+219
825,826,RingTower: Girls' Rhapsody,N/A,—,—,Soon,218,+218
826,827,Tales Of Glory 4 : Ragnarok,N/A,$14.49,75.24%,Sep 2026,452,+217
827,828,HoloTrials: Case Covered,N/A,Free,88.85%,Sep 2026,639,+217
828,829,ZENONIA 1,-10%,$2.83,76.65%,Aug 2026,"6,194",+217
829,830,Broken Arrow,N/A,$22.99,50.77%,Jun 2025,"137,790",+217
830,831,Dice Tavern: Farkle Roguelike,-20%,$5.99,82.35%,Sep 2026,706,+216
831,832,Crystal Crisis,-100%,$0.00,74.23%,Jul 2019,"1,913",+216
832,833,Elemental: Reforged,-20%,$11.59,69.31%,Mar 2026,"8,423",+216
833,834,Untitled John Wick Game,N/A,—,—,Soon,"16,929",+216
834,835,Solarpunk™,N/A,$11.50,78.77%,Jun 2026,"94,845",+216
835,836,The Death Game Report,N/A,$2.69,90.79%,Sep 2026,"1,264",+215
836,837,Sniper Elite 4,-90%,$2.82,89.80%,Feb 2017,"238,869",+215
837,838,DARK SOULS™ III,N/A,$39.99,93.46%,Apr 2016,"648,771",+215
838,839,Attack on Titan 3 / A.O.T. 3,N/A,$58.29,—,Dec 2026,"7,979",+214
839,840,Dead as Disco,N/A,$12.49,94.25%,May 2026,"70,133",+214
840,841,Chrono Odyssey,N/A,—,—,TBA,"116,802",+214
841,842,Unrecord,N/A,—,—,TBA,"138,506",+214
842,843,Ballistic.exe,N/A,—,—,Soon,"2,064",+213
843,844,Batomon Showdown,N/A,—,—,Sep 2026,"3,075",+213
844,845,Underkeep,N/A,—,—,Nov 2026,"6,292",+213
845,846,Ringwyrm,N/A,—,—,2027,"7,741",+213
846,847,Construction Simulator: Evolution,N/A,—,—,Soon,"7,876",+213
847,848,Bergfried,N/A,—,—,TBA,"14,075",+213
848,849,Friends vs Friends,-75%,$1.44,80.90%,May 2023,"30,393",+213
849,850,Don't Starve Elsewhere,N/A,—,—,TBA,"32,177",+213
850,851,TEKKEN 8,N/A,$26.39,55.44%,Jan 2024,"114,276",+213
851,852,A Plague Tale: Innocence,-90%,$2.79,91.70%,May 2019,"164,754",+213
852,853,ELDEN RING NIGHTREIGN,N/A,$25.99,80.90%,May 2025,"227,487",+213
853,854,Echoes of Mystralia,N/A,$10.99,78.94%,Aug 2026,"17,575",+212
854,855,PeeVPee,N/A,—,—,Nov 2026,350,+211
855,856,Electoral Carnage,N/A,Free,92.24%,Jul 2026,"2,986",+211
856,857,Crash Bandicoot™ N. Sane Trilogy,-70%,$11.99,89.93%,Jun 2018,"78,989",+211
857,858,Crime Scene Cleaner,N/A,$12.99,96.02%,Aug 2024,"81,746",+211
858,859,Digimon Story Time Stranger,N/A,$45.99,87.56%,Oct 2025,"99,373",+211
859,860,Deep Rock Galactic: Rogue Core,-20%,$11.99,59.71%,May 2026,"136,701",+211
860,861,Dub Together,N/A,$3.29,85.19%,Sep 2026,613,+210
861,862,Little LUMI Model,-20%,$2.15,91.36%,Sep 2026,894,+210
862,863,Gunmetal Gothic,N/A,—,—,Jun 2027,"6,295",+210
863,864,Urban Myth Dissolution Center,-30%,$6.50,85.19%,Feb 2025,"21,830",+210
864,865,SinEater,N/A,—,—,Q4 2026,221,+209
865,866,Flower Fairy Survivor,-10%,$5.66,81.44%,Sep 2026,225,+209
866,867,Shion Can't Fight! Level Up Failed... Lewdness Maxed,N/A,—,—,Sep 2026,"1,033",+209
867,868,Megastore: Tidy Up Together,-15%,$3.39,83.66%,Sep 2026,"1,085",+209
868,869,Burglin' Gnomes,N/A,$5.79,81.42%,Jun 2026,"56,145",+209
869,870,Farthest Frontier,N/A,$17.99,84.33%,Oct 2025,"242,430",+209
870,871,Sort The Capybaras,N/A,—,—,Oct 2026,375,+208
871,872,Backseat,-20%,$5.03,64.74%,Sep 2026,676,+208
872,873,Onigotchi,N/A,—,—,Sep 2026,"1,421",+208
873,874,Gravebound,N/A,—,—,Sep 2026,"1,810",+208
874,875,Frontier: Path of Shadows,-15%,$8.49,80.53%,Sep 2026,"5,391",+208
875,876,ShipShaper: Falconeer Chronicles,-10%,$5.21,88.55%,Sep 2026,"5,407",+207
876,877,Kenshi,N/A,$14.99,94.23%,Dec 2018,"304,456",+207
877,878,MD Engine,-15%,$8.91,71.52%,Sep 2026,781,+206
878,879,Crown Siege,N/A,—,—,Sep 2026,"1,233",+206
879,880,Monastery: Ora et Labora,N/A,—,—,Sep 2026,"1,565",+206
880,881,Hellforged,N/A,—,—,2026,"7,071",+206
881,882,Palworld: Palfarm,N/A,—,—,TBA,"26,443",+206
882,883,Danganronpa: Trigger Happy Havoc,-90%,$1.04,94.05%,Feb 2016,"77,542",+206
883,884,Lobotomy Corporation | Monster Management Simulation,N/A,$24.99,92.61%,Apr 2018,"141,829",+206
884,885,Remothered: Red Nun's Legacy,N/A,—,—,Oct 2026,"3,657",+205
885,886,港警成雙：來自城寨 Dual Fire Walled City,N/A,—,—,Q3 2026,"5,301",+205
886,887,Doloc Town,N/A,$10.75,90.88%,Aug 2026,"24,712",+205
887,888,Krita,N/A,$5.79,92.98%,Jun 2014,"27,008",+205
888,889,METAL GEAR RISING: REVENGEANCE,N/A,$14.99,94.55%,Jan 2014,"71,398",+205
889,890,Mondice,N/A,Free,56.53%,Sep 2026,484,+204
890,891,Retro Arcade Shop Simulator,-10%,$5.39,81.18%,Sep 2026,"1,536",+204
891,892,Happy Endings,N/A,$4.69,80.45%,Aug 2026,"8,362",+204
892,893,Bramble: The Mountain King,-80%,$2.99,91.64%,Apr 2023,"27,621",+204
893,894,over the hill,N/A,—,—,Oct 2026,"54,437",+204
894,895,Teardown,N/A,$19.99,94.55%,Apr 2022,"231,038",+204
895,896,Toxic Yuri,N/A,—,—,Sep 2026,545,+203
896,897,Sengoku Rance,N/A,—,—,Q3 2026,"2,486",+203
897,898,Detroit: Become Human,N/A,$31.99,95.28%,Jun 2020,"244,118",+203
898,899,Duo Quest,N/A,—,—,Sep 2026,"1,022",+202
899,900,Needle In A Haystack Simulator,N/A,—,—,Q4 2026,"1,024",+202
900,901,Wild Life,N/A,—,—,Feb 2027,"45,856",+202
901,902,A Plague Tale: Requiem,-70%,$10.49,88.87%,Oct 2022,"74,058",+202
902,903,Totally Accurate Battle Simulator,N/A,$8.99,96.51%,Apr 2021,"359,962",+202
903,904,Tasty Chef,N/A,—,—,Sep 2026,257,+201
904,905,STAGE TOUR,N/A,—,—,2026,"8,566",+201
905,906,RetroSpace,N/A,—,—,Oct 2026,"9,146",+201
906,907,HumanitZ,N/A,$9.49,72.90%,Feb 2026,"107,104",+201
907,908,Stoneshard,N/A,$9.99,73.65%,Feb 2020,"161,977",+201
908,909,Wildaria,N/A,—,—,Oct 2026,"2,719",+200
909,910,Bioneers,N/A,—,—,Soon,"2,869",+200
910,911,Drunken Goddess Reflux,N/A,—,—,TBA,"20,247",+200
911,912,Counter-Strike:Global Offensive,N/A,Free,95.22%,Aug 2012,"30,920",+200
912,913,Species: Unknown,N/A,$5.79,91.95%,Oct 2025,"35,089",+200
913,914,The Piper of Dawn,N/A,—,—,Sep 2026,"2,735",+199
914,915,SAW: Genesis,N/A,—,—,TBA,"11,483",+199
915,916,SULFUR,-5%,$12.40,85.22%,Oct 2024,"38,661",+199
916,917,Granblue Fantasy: Relink,N/A,$29.99,88.51%,Feb 2024,"167,737",+199
917,918,WPCA: World Phasebound Control Authority,N/A,—,—,TBA,889,+198
918,919,Cave Expedition,N/A,—,—,TBA,"1,102",+198
919,920,Mouse X,N/A,$1.49,91.88%,Jun 2026,"1,752",+198
920,921,LA: Streets of Sorcery,N/A,$9.99,79.42%,Aug 2026,"3,400",+198
921,922,Nocturne,N/A,—,—,Sep 2026,"7,899",+198
922,923,Pratfall,-20%,$3.19,86.66%,Apr 2026,"13,189",+198
923,924,MudRunner,-80%,$2.79,89.94%,Oct 2017,"121,367",+198
924,925,Planet Zoo,N/A,$20.99,89.69%,Nov 2019,"386,692",+198
925,926,Land of Glarefall,N/A,—,—,Sep 2026,736,+197
926,927,Spiritus Sancti,-10%,$6.74,75.86%,Sep 2026,844,+197
927,928,Model Kit Shop Simulator,-25%,$3.74,79.13%,Sep 2026,886,+197
928,929,Delta,N/A,—,—,2026,"1,946",+197
929,930,"Warhammer 40,000: Darktide",N/A,$24.99,71.18%,Nov 2022,"223,094",+197
930,931,Cyberpunk Store Simulator,-20%,$4.63,76.12%,Sep 2026,377,+196
931,932,Homura Hime,-20%,$9.99,86.07%,Mar 2026,"19,429",+196
932,933,Witchfire,N/A,$20.00,89.17%,Sep 2024,"123,921",+196
933,934,Fishing Planet,N/A,Free,85.60%,Aug 2015,"129,167",+196
934,935,DARK SOULS™: REMASTERED,N/A,$24.99,91.30%,May 2018,"166,385",+196
935,936,I Need to Fix My Dream Car (But I Work at a Junkyard),-39%,$4.56,74.42%,Sep 2026,597,+195
936,937,Guns 'n Goblins,N/A,—,—,Q2 2027,"8,224",+195
937,938,Palia,N/A,Free,84.69%,Mar 2024,"93,339",+195
938,939,YAPYAP,N/A,$5.79,81.72%,Feb 2026,"70,097",+194
939,940,Brave New Wonders,N/A,—,—,Sep 2026,"1,936",+193
940,941,RADIOSOL,N/A,—,—,Sep 2026,"2,115",+193
941,942,SHORE,N/A,—,—,Q4 2026,"2,828",+193
942,943,Chill with You : Lo-Fi Story,-25%,$4.94,95.50%,Nov 2025,"31,583",+193
943,944,"Fenestra: my focus, her future",N/A,—,—,Soon,699,+192
944,945,We Build Cabins,N/A,—,—,Soon,"1,342",+192
945,946,Pass the Fear,N/A,$9.55,75.91%,Jul 2026,"11,676",+192
946,947,Lootbound,N/A,$9.99,74.94%,Aug 2026,"13,950",+192
947,948,Roguefort,N/A,—,—,Oct 2026,580,+191
948,949,Buckshot Roulette,N/A,$1.49,93.79%,Apr 2024,"82,948",+191
949,950,Library Of Ruina,N/A,$29.99,92.71%,Aug 2021,"92,646",+191
950,951,Learn Programming: Python - Remake,-40%,$1.79,63.05%,Feb 2022,692,+190
951,952,Sort Them Ducks,N/A,$3.99,88.13%,Aug 2026,"2,824",+190
952,953,Polylithic,N/A,$14.99,66.29%,Aug 2026,"7,779",+190
953,954,Mewgenics,N/A,$14.99,88.40%,Feb 2026,"103,516",+190
954,955,群侠传：幸存者,N/A,Free,90.74%,Aug 2026,"1,676",+189
955,956,Godzilla: Destroy All Monsters Melee Remastered,N/A,—,—,Nov 2026,"6,130",+189
956,957,The Incident at Galley House,N/A,$10.49,90.58%,Jul 2026,"8,861",+189
957,958,Stack Order,N/A,—,—,2027,486,+188
958,959,King of Jade: Stone Tycoon,-10%,$4.49,72.67%,Sep 2026,"2,096",+188
959,960,Call It a Day,N/A,—,—,2027,"2,264",+188
960,961,Grand Theft Auto: San Andreas – The Definitive Edition,N/A,$59.99,78.52%,Jan 2023,"38,103",+188
961,962,Balatro,N/A,$7.99,96.62%,Feb 2024,"113,920",+188
962,963,Gothic 1 Remake,N/A,$33.99,87.37%,Jun 2026,"151,188",+188
963,964,Tankenstein,N/A,$9.29,81.85%,Nov 2025,"2,559",+187
964,965,Grand Theft Timeline,N/A,—,—,Q4 2026,"3,282",+187
965,966,The Last General,N/A,—,—,2027,"14,053",+187
966,967,LoveCraft,N/A,Free,68.80%,Apr 2024,"15,084",+187
967,968,Call of Duty®: Black Ops Cold War,-75%,$14.99,77.98%,Mar 2023,"37,625",+187
968,969,Elin,N/A,$19.99,90.58%,Nov 2024,"70,723",+187
969,970,World War Z,N/A,$20.99,81.06%,Sep 2021,"133,406",+187
970,971,FINAL FANTASY VII REMAKE INTERGRADE,N/A,$31.99,85.30%,Jun 2022,"159,676",+187
971,972,PUBG: DED.NET,N/A,—,—,TBA,"3,977",+186
972,973,Sandcastle,N/A,—,—,TBA,"12,079",+186
973,974,Ghostrunner 2,-80%,$3.79,78.17%,Oct 2023,"34,359",+186
974,975,Being a DIK - Season 1,N/A,$8.09,93.32%,Feb 2020,"57,811",+186
975,976,Counter-Strike,N/A,$5.79,96.30%,Nov 2000,"231,874",+186
976,977,ANOMALITH,N/A,—,—,Oct 2026,"5,110",+185
977,978,Galactic Civilizations IV,-67%,$6.10,70.19%,Oct 2023,"31,578",+185
978,979,"No, I'm not a Human",N/A,$7.99,91.42%,Sep 2025,"77,966",+185
979,980,黯渊崛起：魔灵深渊,-27%,$3.94,80.16%,Sep 2026,234,+184
980,981,Hentai Mayhem,N/A,—,—,Sep 2026,283,+184
981,982,DRAPLINE,N/A,$5.79,91.84%,Jun 2025,"5,623",+184
982,983,BLACK SOULS,N/A,$7.79,92.20%,Aug 2025,"25,291",+184
983,984,Break The Night,N/A,—,—,TBA,183,+183
984,985,GodsTV,N/A,—,—,Soon,"2,788",+183
985,986,Fallen Tear: The Ascension,N/A,$12.49,78.38%,Mar 2026,"8,102",+183
986,987,30 Days on Ship,N/A,—,—,Soon,"41,740",+183
987,988,iRacing,N/A,$6.37,82.84%,Jan 2015,"67,711",+183
988,989,Lunar Drifter,N/A,—,—,Sep 2026,660,+182
989,990,Nate Hand Gesture,N/A,—,—,Soon,"1,742",+182
990,991,Critical Shift,N/A,—,—,TBA,"2,971",+182
991,992,Airport Control 27,N/A,—,—,Sep 2026,"4,587",+182
992,993,Give Us A Sign,N/A,—,—,Soon,"5,621",+182
993,994,Path of Idle: Old Gods Rising,N/A,$6.29,74.64%,Aug 2026,"7,082",+182
994,995,Hell Maiden,N/A,$6.29,86.66%,Jul 2026,"11,482",+182
995,996,Avatar Legends: The Fighting Game,N/A,$14.99,82.30%,Jul 2026,"27,264",+182
996,997,LEGO® Batman™: Legacy of the Dark Knight,N/A,$69.99,93.03%,May 2026,"66,295",+182
997,998,Football Manager 26,N/A,$49.99,36.09%,Nov 2025,"66,875",+182
998,999,Hero Siege,N/A,$4.49,66.47%,Jan 2014,"70,318",+182
999,1000,Deep Sheol,-15%,$3.70,77.87%,Sep 2026,481,+181
